00:00:00.003884 VirtualBox DHCP Server 7.2.16 r174877 linux.amd64 (Aug 18 2026 19:12:07) release log
00:00:00.003886 Log opened 2026-09-02T20:29:20.476132000Z
00:00:00.003887 Build Type: release
00:00:00.003888 OS Product: Linux
00:00:00.003889 OS Release: 7.1.9-arch1-2
00:00:00.003890 OS Version: #1 SMP PREEMPT_DYNAMIC Fri, 21 Aug 2026 22:18:59 +0000
00:00:00.003913 DMI Product Name: GF63 Thin 10SC
00:00:00.003920 DMI Product Version: REV:1.0
00:00:00.003940 Firmware type: UEFI
00:00:00.004110 Secure Boot: Disabled
00:00:00.004146 Host RAM: 15803MB (15.4GB) total, 5343MB (5.2GB) available
00:00:00.004149 Executable: /usr/lib/virtualbox/VBoxNetDHCP
00:00:00.004149 Process ID: 1215910
00:00:00.004150 Package type: LINUX_64BITS_GENERIC (OSE)
00:00:00.004172 --config:  NatNetwork
00:00:00.004174 --comment: NatNetwork
00:00:00.004275 IP address:   10.0.2.2/24
00:00:00.004279 Address pool: 10.0.2.3 - 10.0.2.254
00:00:00.004299 MAC address is not specified: will use generated MAC 08:00:27:d1:dc:05
00:00:00.004303 Db::i_enterFixedAddressAssignment: 08:00:27:d1:dc:05: 10.0.2.2
00:00:00.004306 loading leases from /home/antualino/.config/VirtualBox/NatNetwork-Dhcpd.leases
00:00:00.004820 > LOAD:         lease 10.0.2.4 to 08:00:27:32:85:56, expired, valid from 2026-05-25T07:41:58Z for 600s until 2026-05-25T07:51:58Z
00:00:00.004836 > LOAD: EXPIRED lease 10.0.2.15 to [01:08:00:27:8a:35:d2] (08:00:27:8a:35:d2), expired, valid from 2026-08-18T04:45:28Z for 600s until 2026-08-18T04:55:28Z
00:00:00.004846 > LOAD:         lease 10.0.2.3 to [ff:e2:34:3f:3e:00:02:00:00:ab:11:76:ea:b8:fc:ac:a3:b1:3e] (08:00:27:4b:de:83), released, valid from 2026-05-25T07:43:19Z for 600s until 2026-05-25T07:53:19Z
00:00:00.007689 SUP: seg #0: R   0x00000000 LB 0x0004d000
00:00:00.007705 SUP: seg #1: R X 0x0004d000 LB 0x00269000
00:00:00.007707 SUP: seg #2: R   0x002b6000 LB 0x00075000
00:00:00.007709 SUP: seg #3: RW  0x0032b000 LB 0x0002eb48
00:00:00.010561 SUP: Loaded VMMR0.r0 (/usr/lib/virtualbox/VMMR0.r0) at 0xXXXXXXXXXXXXXXXX - ModuleInit at XXXXXXXXXXXXXXXX and ModuleTerm at XXXXXXXXXXXXXXXX
00:00:00.010572 SUP: VMMR0EntryEx located at XXXXXXXXXXXXXXXX and VMMR0EntryFast at XXXXXXXXXXXXXXXX
00:00:21.315023 REQUEST xid 0x0bfdb031 chaddr 08:00:27:8a:35:d2
00:00:21.315054  ciaddr 0.0.0.0
00:00:21.315060  client id: 01 08 00 27 8a 35 d2
00:00:21.315064  requested address 10.0.2.15
00:00:21.315069  params { 1 2 6 12 15 26 28 121 3 33 40 41 42 119 249 252 17 }
00:00:21.315093   12: 'kali'
00:00:21.315096   57: 02 40
00:00:21.315100 > allocateAddress 10.0.2.15 to client [01:08:00:27:8a:35:d2] (08:00:27:8a:35:d2)
00:00:21.315108 > .... noted expired binding 10.0.2.4 to 08:00:27:32:85:56, expired, valid from 2026-05-25T07:41:58Z for 600s until 2026-05-25T07:51:58Z
00:00:21.315126 > ... found existing binding 10.0.2.15 to [01:08:00:27:8a:35:d2] (08:00:27:8a:35:d2), expired, valid from 2026-08-18T04:45:28Z for 600s until 2026-08-18T04:55:28Z
00:00:21.315134 Lease time 600 secs (default)
00:00:21.315136 writing leases to /home/antualino/.config/VirtualBox/NatNetwork-Dhcpd.leases
00:00:21.321552 >>> requested option 1 (SubnetMask)
00:00:21.321571 ... always supplied
00:00:21.321572 >>> requested option 2 (TimeOffset)
00:00:21.321574 ... not found
00:00:21.321575 >>> requested option 6 (DNSes)
00:00:21.321577 ... found in GlobalConfig (type global)
00:00:21.321578 >>> requested option 12 (HostName)
00:00:21.321580 ... not found
00:00:21.321581 >>> requested option 15 (DomainName)
00:00:21.321582 ... not found
00:00:21.321583 >>> requested option 26 (InterfaceMTU)
00:00:21.321584 ... not found
00:00:21.321586 >>> requested option 28 (BroadcastAddress)
00:00:21.321587 ... not found
00:00:21.321588 >>> requested option 121 (unknown)
00:00:21.321590 ... not found
00:00:21.321592 >>> requested option 3 (Routers)
00:00:21.321593 ... found in GlobalConfig (type global)
00:00:21.321596 >>> requested option 33 (StaticRoute)
00:00:21.321597 ... not found
00:00:21.321599 >>> requested option 40 (NISDomain)
00:00:21.321600 ... not found
00:00:21.321601 >>> requested option 41 (NISServers)
00:00:21.321618 ... not found
00:00:21.321620 >>> requested option 42 (NTPServers)
00:00:21.321622 ... not found
00:00:21.321623 >>> requested option 119 (DomainSearch)
00:00:21.321625 ... not found
00:00:21.321626 >>> requested option 249 (unknown)
00:00:21.321627 ... not found
00:00:21.321628 >>> requested option 252 (unknown)
00:00:21.321629 ... not found
00:00:21.321631 >>> requested option 17 (RootPath)
00:00:21.321632 ... not found
00:00:21.321640 encoding option 1 (SubnetMask)
00:00:21.321642 encoding option 3 (Routers)
00:00:21.321644 encoding option 6 (DNSes)
00:00:21.321646 encoding option 51 (LeaseTime)
00:00:21.321649 ACK xid 0x0bfdb031 chaddr 08:00:27:8a:35:d2
00:00:21.321658  ciaddr 0.0.0.0 yiaddr 10.0.2.15
00:00:21.321663 encoded message: 548 bytes
00:00:21.321666 00007f049c003330/0000: 02 01 06 00 31 b0 fd 0b-00 00 00 00 00 00 00 00 ....1...........
00:00:21.321671 00007f049c003340/0010: 0a 00 02 0f 00 00 00 00-00 00 00 00 08 00 27 8a ..............'.
00:00:21.321674 00007f049c003350/0020: 35 d2 00 00 00 00 00 00-00 00 00 00 00 00 00 00 5...............
00:00:21.321677 00007f049c003360/0030: 00 00 00 00 00 00 00 00-00 00 00 00 00 00 00 00 ................
00:00:21.321679 00007f049c003370/0040: 00 00 00 00 00 00 00 00-00 00 00 00 00 00 00 00 ................
00:00:21.321682 00007f049c003380/0050: 00 00 00 00 00 00 00 00-00 00 00 00 00 00 00 00 ................
00:00:21.321685 00007f049c003390/0060: 00 00 00 00 00 00 00 00-00 00 00 00 00 00 00 00 ................
00:00:21.321688 00007f049c0033a0/0070: 00 00 00 00 00 00 00 00-00 00 00 00 00 00 00 00 ................
00:00:21.321691 00007f049c0033b0/0080: 00 00 00 00 00 00 00 00-00 00 00 00 00 00 00 00 ................
00:00:21.321694 00007f049c0033c0/0090: 00 00 00 00 00 00 00 00-00 00 00 00 00 00 00 00 ................
00:00:21.321697 00007f049c0033d0/00a0: 00 00 00 00 00 00 00 00-00 00 00 00 00 00 00 00 ................
00:00:21.321700 00007f049c0033e0/00b0: 00 00 00 00 00 00 00 00-00 00 00 00 00 00 00 00 ................
00:00:21.321703 00007f049c0033f0/00c0: 00 00 00 00 00 00 00 00-00 00 00 00 00 00 00 00 ................
00:00:21.321706 00007f049c003400/00d0: 00 00 00 00 00 00 00 00-00 00 00 00 00 00 00 00 ................
00:00:21.321709 00007f049c003410/00e0: 00 00 00 00 00 00 00 00-00 00 00 00 63 82 53 63 ............c.Sc
00:00:21.321713 00007f049c003420/00f0: 36 04 0a 00 02 02 35 01-05 01 04 ff ff ff 00 03 6.....5.........
00:00:21.321716 00007f049c003430/0100: 04 0a 00 02 01 06 04 c0-a8 64 01 33 04 00 00 02 .........d.3....
00:00:21.321719 00007f049c003440/0110: 58 ff 00 00 00 00 00 00-00 00 00 00 00 00 00 00 X...............
00:00:21.321721 00007f049c003450/0120: 00 00 00 00 00 00 00 00-00 00 00 00 00 00 00 00 ................
00:00:21.321738 00007f049c003460/0130: 00 00 00 00 00 00 00 00-00 00 00 00 00 00 00 00 ................
00:00:21.321741 00007f049c003470/0140: 00 00 00 00 00 00 00 00-00 00 00 00 00 00 00 00 ................
00:00:21.321744 00007f049c003480/0150: 00 00 00 00 00 00 00 00-00 00 00 00 00 00 00 00 ................
00:00:21.321747 00007f049c003490/0160: 00 00 00 00 00 00 00 00-00 00 00 00 00 00 00 00 ................
00:00:21.321751 00007f049c0034a0/0170: 00 00 00 00 00 00 00 00-00 00 00 00 00 00 00 00 ................
00:00:21.321754 00007f049c0034b0/0180: 00 00 00 00 00 00 00 00-00 00 00 00 00 00 00 00 ................
00:00:21.321757 00007f049c0034c0/0190: 00 00 00 00 00 00 00 00-00 00 00 00 00 00 00 00 ................
00:00:21.321760 00007f049c0034d0/01a0: 00 00 00 00 00 00 00 00-00 00 00 00 00 00 00 00 ................
00:00:21.321764 00007f049c0034e0/01b0: 00 00 00 00 00 00 00 00-00 00 00 00 00 00 00 00 ................
00:00:21.321767 00007f049c0034f0/01c0: 00 00 00 00 00 00 00 00-00 00 00 00 00 00 00 00 ................
00:00:21.321770 00007f049c003500/01d0: 00 00 00 00 00 00 00 00-00 00 00 00 00 00 00 00 ................
00:00:21.321773 00007f049c003510/01e0: 00 00 00 00 00 00 00 00-00 00 00 00 00 00 00 00 ................
00:00:21.321776 00007f049c003520/01f0: 00 00 00 00 00 00 00 00-00 00 00 00 00 00 00 00 ................
00:00:21.321778 00007f049c003530/0200: 00 00 00 00 00 00 00 00-00 00 00 00 00 00 00 00 ................
00:00:21.321781 00007f049c003540/0210: 00 00 00 00 00 00 00 00-00 00 00 00 00 00 00 00 ................
00:00:21.321784 00007f049c003550/0220: 00 00 00 00                                     ....
00:09:05.889168 REQUEST xid 0x61ec61c2 chaddr 08:00:27:8a:35:d2
00:09:05.889243  ciaddr 10.0.2.15
00:09:05.889257  client id: 01 08 00 27 8a 35 d2
00:09:05.889270  params { 1 2 6 12 15 26 28 121 3 33 40 41 42 119 249 252 17 }
00:09:05.889349   12: 'kali'
00:09:05.889356   57: ff ff
00:09:05.889370 > allocateAddress to client [01:08:00:27:8a:35:d2] (08:00:27:8a:35:d2)
00:09:05.889388 > .... noted expired binding 10.0.2.4 to 08:00:27:32:85:56, expired, valid from 2026-05-25T07:41:58Z for 600s until 2026-05-25T07:51:58Z
00:09:05.889415 > ... found existing binding 10.0.2.15 to [01:08:00:27:8a:35:d2] (08:00:27:8a:35:d2), acked, valid from 2026-09-02T20:29:41Z for 600s until 2026-09-02T20:39:41Z
00:09:05.889432 Lease time 600 secs (default)
00:09:05.889439 writing leases to /home/antualino/.config/VirtualBox/NatNetwork-Dhcpd.leases
00:09:05.896849 >>> requested option 1 (SubnetMask)
00:09:05.896893 ... always supplied
00:09:05.896899 >>> requested option 2 (TimeOffset)
00:09:05.896905 ... not found
00:09:05.896911 >>> requested option 6 (DNSes)
00:09:05.896917 ... found in GlobalConfig (type global)
00:09:05.896946 >>> requested option 12 (HostName)
00:09:05.896955 ... not found
00:09:05.896960 >>> requested option 15 (DomainName)
00:09:05.896965 ... not found
00:09:05.896970 >>> requested option 26 (InterfaceMTU)
00:09:05.896975 ... not found
00:09:05.896980 >>> requested option 28 (BroadcastAddress)
00:09:05.896985 ... not found
00:09:05.896989 >>> requested option 121 (unknown)
00:09:05.896994 ... not found
00:09:05.896999 >>> requested option 3 (Routers)
00:09:05.897004 ... found in GlobalConfig (type global)
00:09:05.897011 >>> requested option 33 (StaticRoute)
00:09:05.897016 ... not found
00:09:05.897021 >>> requested option 40 (NISDomain)
00:09:05.897026 ... not found
00:09:05.897030 >>> requested option 41 (NISServers)
00:09:05.897035 ... not found
00:09:05.897040 >>> requested option 42 (NTPServers)
00:09:05.897045 ... not found
00:09:05.897050 >>> requested option 119 (DomainSearch)
00:09:05.897055 ... not found
00:09:05.897059 >>> requested option 249 (unknown)
00:09:05.897065 ... not found
00:09:05.897069 >>> requested option 252 (unknown)
00:09:05.897074 ... not found
00:09:05.897079 >>> requested option 17 (RootPath)
00:09:05.897084 ... not found
00:09:05.897096 encoding option 1 (SubnetMask)
00:09:05.897101 encoding option 3 (Routers)
00:09:05.897109 encoding option 6 (DNSes)
00:09:05.897114 encoding option 51 (LeaseTime)
00:09:05.897122 ACK xid 0x61ec61c2 chaddr 08:00:27:8a:35:d2
00:09:05.897142  ciaddr 10.0.2.15 yiaddr 10.0.2.15
00:09:05.897160 encoded message: 548 bytes
00:09:05.897166 00007f049c003330/0000: 02 01 06 00 c2 61 ec 61-00 00 00 00 0a 00 02 0f .....a.a........
00:09:05.897176 00007f049c003340/0010: 0a 00 02 0f 00 00 00 00-00 00 00 00 08 00 27 8a ..............'.
00:09:05.897183 00007f049c003350/0020: 35 d2 00 00 00 00 00 00-00 00 00 00 00 00 00 00 5...............
00:09:05.897190 00007f049c003360/0030: 00 00 00 00 00 00 00 00-00 00 00 00 00 00 00 00 ................
00:09:05.897196 00007f049c003370/0040: 00 00 00 00 00 00 00 00-00 00 00 00 00 00 00 00 ................
00:09:05.897202 00007f049c003380/0050: 00 00 00 00 00 00 00 00-00 00 00 00 00 00 00 00 ................
00:09:05.897208 00007f049c003390/0060: 00 00 00 00 00 00 00 00-00 00 00 00 00 00 00 00 ................
00:09:05.897215 00007f049c0033a0/0070: 00 00 00 00 00 00 00 00-00 00 00 00 00 00 00 00 ................
00:09:05.897221 00007f049c0033b0/0080: 00 00 00 00 00 00 00 00-00 00 00 00 00 00 00 00 ................
00:09:05.897227 00007f049c0033c0/0090: 00 00 00 00 00 00 00 00-00 00 00 00 00 00 00 00 ................
00:09:05.897233 00007f049c0033d0/00a0: 00 00 00 00 00 00 00 00-00 00 00 00 00 00 00 00 ................
00:09:05.897240 00007f049c0033e0/00b0: 00 00 00 00 00 00 00 00-00 00 00 00 00 00 00 00 ................
00:09:05.897246 00007f049c0033f0/00c0: 00 00 00 00 00 00 00 00-00 00 00 00 00 00 00 00 ................
00:09:05.897252 00007f049c003400/00d0: 00 00 00 00 00 00 00 00-00 00 00 00 00 00 00 00 ................
00:09:05.897258 00007f049c003410/00e0: 00 00 00 00 00 00 00 00-00 00 00 00 63 82 53 63 ............c.Sc
00:09:05.897265 00007f049c003420/00f0: 36 04 0a 00 02 02 35 01-05 01 04 ff ff ff 00 03 6.....5.........
00:09:05.897271 00007f049c003430/0100: 04 0a 00 02 01 06 04 c0-a8 64 01 33 04 00 00 02 .........d.3....
00:09:05.897278 00007f049c003440/0110: 58 ff 00 00 00 00 00 00-00 00 00 00 00 00 00 00 X...............
00:09:05.897285 00007f049c003450/0120: 00 00 00 00 00 00 00 00-00 00 00 00 00 00 00 00 ................
00:09:05.897292 00007f049c003460/0130: 00 00 00 00 00 00 00 00-00 00 00 00 00 00 00 00 ................
00:09:05.897298 00007f049c003470/0140: 00 00 00 00 00 00 00 00-00 00 00 00 00 00 00 00 ................
00:09:05.897304 00007f049c003480/0150: 00 00 00 00 00 00 00 00-00 00 00 00 00 00 00 00 ................
00:09:05.897310 00007f049c003490/0160: 00 00 00 00 00 00 00 00-00 00 00 00 00 00 00 00 ................
00:09:05.897317 00007f049c0034a0/0170: 00 00 00 00 00 00 00 00-00 00 00 00 00 00 00 00 ................
00:09:05.897323 00007f049c0034b0/0180: 00 00 00 00 00 00 00 00-00 00 00 00 00 00 00 00 ................
00:09:05.897329 00007f049c0034c0/0190: 00 00 00 00 00 00 00 00-00 00 00 00 00 00 00 00 ................
00:09:05.897335 00007f049c0034d0/01a0: 00 00 00 00 00 00 00 00-00 00 00 00 00 00 00 00 ................
00:09:05.897342 00007f049c0034e0/01b0: 00 00 00 00 00 00 00 00-00 00 00 00 00 00 00 00 ................
00:09:05.897348 00007f049c0034f0/01c0: 00 00 00 00 00 00 00 00-00 00 00 00 00 00 00 00 ................
00:09:05.897354 00007f049c003500/01d0: 00 00 00 00 00 00 00 00-00 00 00 00 00 00 00 00 ................
00:09:05.897360 00007f049c003510/01e0: 00 00 00 00 00 00 00 00-00 00 00 00 00 00 00 00 ................
00:09:05.897367 00007f049c003520/01f0: 00 00 00 00 00 00 00 00-00 00 00 00 00 00 00 00 ................
00:09:05.897373 00007f049c003530/0200: 00 00 00 00 00 00 00 00-00 00 00 00 00 00 00 00 ................
00:09:05.897379 00007f049c003540/0210: 00 00 00 00 00 00 00 00-00 00 00 00 00 00 00 00 ................
00:09:05.897385 00007f049c003550/0220: 00 00 00 00                                     ....
00:10:06.402586 REQUEST xid 0xfbc28ebf chaddr 08:00:27:8a:35:d2
00:10:06.402620  ciaddr 10.0.2.15
00:10:06.402625  client id: 01 08 00 27 8a 35 d2
00:10:06.402629  params { 1 2 6 12 15 26 28 121 3 33 40 41 42 119 249 252 17 }
00:10:06.402655   12: 'kali'
00:10:06.402657   57: ff ff
00:10:06.402660 > allocateAddress to client [01:08:00:27:8a:35:d2] (08:00:27:8a:35:d2)
00:10:06.402665 > .... noted expired binding 10.0.2.4 to 08:00:27:32:85:56, expired, valid from 2026-05-25T07:41:58Z for 600s until 2026-05-25T07:51:58Z
00:10:06.402672 > ... found existing binding 10.0.2.15 to [01:08:00:27:8a:35:d2] (08:00:27:8a:35:d2), acked, valid from 2026-09-02T20:38:26Z for 600s until 2026-09-02T20:48:26Z
00:10:06.402678 Lease time 600 secs (default)
00:10:06.402680 writing leases to /home/antualino/.config/VirtualBox/NatNetwork-Dhcpd.leases
00:10:06.408578 >>> requested option 1 (SubnetMask)
00:10:06.408593 ... always supplied
00:10:06.408595 >>> requested option 2 (TimeOffset)
00:10:06.408597 ... not found
00:10:06.408599 >>> requested option 6 (DNSes)
00:10:06.408601 ... found in GlobalConfig (type global)
00:10:06.408603 >>> requested option 12 (HostName)
00:10:06.408605 ... not found
00:10:06.408607 >>> requested option 15 (DomainName)
00:10:06.408609 ... not found
00:10:06.408610 >>> requested option 26 (InterfaceMTU)
00:10:06.408612 ... not found
00:10:06.408614 >>> requested option 28 (BroadcastAddress)
00:10:06.408615 ... not found
00:10:06.408617 >>> requested option 121 (unknown)
00:10:06.408619 ... not found
00:10:06.408620 >>> requested option 3 (Routers)
00:10:06.408622 ... found in GlobalConfig (type global)
00:10:06.408631 >>> requested option 33 (StaticRoute)
00:10:06.408632 ... not found
00:10:06.408633 >>> requested option 40 (NISDomain)
00:10:06.408634 ... not found
00:10:06.408635 >>> requested option 41 (NISServers)
00:10:06.408636 ... not found
00:10:06.408637 >>> requested option 42 (NTPServers)
00:10:06.408639 ... not found
00:10:06.408640 >>> requested option 119 (DomainSearch)
00:10:06.408641 ... not found
00:10:06.408642 >>> requested option 249 (unknown)
00:10:06.408643 ... not found
00:10:06.408644 >>> requested option 252 (unknown)
00:10:06.408645 ... not found
00:10:06.408646 >>> requested option 17 (RootPath)
00:10:06.408647 ... not found
00:10:06.408651 encoding option 1 (SubnetMask)
00:10:06.408652 encoding option 3 (Routers)
00:10:06.408653 encoding option 6 (DNSes)
00:10:06.408655 encoding option 51 (LeaseTime)
00:10:06.408656 ACK xid 0xfbc28ebf chaddr 08:00:27:8a:35:d2
00:10:06.408662  ciaddr 10.0.2.15 yiaddr 10.0.2.15
00:10:06.408666 encoded message: 548 bytes
00:10:06.408668 00007f049c003330/0000: 02 01 06 00 bf 8e c2 fb-00 00 00 00 0a 00 02 0f ................
00:10:06.408671 00007f049c003340/0010: 0a 00 02 0f 00 00 00 00-00 00 00 00 08 00 27 8a ..............'.
00:10:06.408674 00007f049c003350/0020: 35 d2 00 00 00 00 00 00-00 00 00 00 00 00 00 00 5...............
00:10:06.408676 00007f049c003360/0030: 00 00 00 00 00 00 00 00-00 00 00 00 00 00 00 00 ................
00:10:06.408678 00007f049c003370/0040: 00 00 00 00 00 00 00 00-00 00 00 00 00 00 00 00 ................
00:10:06.408680 00007f049c003380/0050: 00 00 00 00 00 00 00 00-00 00 00 00 00 00 00 00 ................
00:10:06.408682 00007f049c003390/0060: 00 00 00 00 00 00 00 00-00 00 00 00 00 00 00 00 ................
00:10:06.408684 00007f049c0033a0/0070: 00 00 00 00 00 00 00 00-00 00 00 00 00 00 00 00 ................
00:10:06.408686 00007f049c0033b0/0080: 00 00 00 00 00 00 00 00-00 00 00 00 00 00 00 00 ................
00:10:06.408688 00007f049c0033c0/0090: 00 00 00 00 00 00 00 00-00 00 00 00 00 00 00 00 ................
00:10:06.408690 00007f049c0033d0/00a0: 00 00 00 00 00 00 00 00-00 00 00 00 00 00 00 00 ................
00:10:06.408692 00007f049c0033e0/00b0: 00 00 00 00 00 00 00 00-00 00 00 00 00 00 00 00 ................
00:10:06.408694 00007f049c0033f0/00c0: 00 00 00 00 00 00 00 00-00 00 00 00 00 00 00 00 ................
00:10:06.408696 00007f049c003400/00d0: 00 00 00 00 00 00 00 00-00 00 00 00 00 00 00 00 ................
00:10:06.408698 00007f049c003410/00e0: 00 00 00 00 00 00 00 00-00 00 00 00 63 82 53 63 ............c.Sc
00:10:06.408700 00007f049c003420/00f0: 36 04 0a 00 02 02 35 01-05 01 04 ff ff ff 00 03 6.....5.........
00:10:06.408702 00007f049c003430/0100: 04 0a 00 02 01 06 04 c0-a8 64 01 33 04 00 00 02 .........d.3....
00:10:06.408704 00007f049c003440/0110: 58 ff 00 00 00 00 00 00-00 00 00 00 00 00 00 00 X...............
00:10:06.408706 00007f049c003450/0120: 00 00 00 00 00 00 00 00-00 00 00 00 00 00 00 00 ................
00:10:06.408708 00007f049c003460/0130: 00 00 00 00 00 00 00 00-00 00 00 00 00 00 00 00 ................
00:10:06.408710 00007f049c003470/0140: 00 00 00 00 00 00 00 00-00 00 00 00 00 00 00 00 ................
00:10:06.408712 00007f049c003480/0150: 00 00 00 00 00 00 00 00-00 00 00 00 00 00 00 00 ................
00:10:06.408714 00007f049c003490/0160: 00 00 00 00 00 00 00 00-00 00 00 00 00 00 00 00 ................
00:10:06.408716 00007f049c0034a0/0170: 00 00 00 00 00 00 00 00-00 00 00 00 00 00 00 00 ................
00:10:06.408718 00007f049c0034b0/0180: 00 00 00 00 00 00 00 00-00 00 00 00 00 00 00 00 ................
00:10:06.408720 00007f049c0034c0/0190: 00 00 00 00 00 00 00 00-00 00 00 00 00 00 00 00 ................
00:10:06.408722 00007f049c0034d0/01a0: 00 00 00 00 00 00 00 00-00 00 00 00 00 00 00 00 ................
00:10:06.408724 00007f049c0034e0/01b0: 00 00 00 00 00 00 00 00-00 00 00 00 00 00 00 00 ................
00:10:06.408726 00007f049c0034f0/01c0: 00 00 00 00 00 00 00 00-00 00 00 00 00 00 00 00 ................
00:10:06.408728 00007f049c003500/01d0: 00 00 00 00 00 00 00 00-00 00 00 00 00 00 00 00 ................
00:10:06.408730 00007f049c003510/01e0: 00 00 00 00 00 00 00 00-00 00 00 00 00 00 00 00 ................
00:10:06.408732 00007f049c003520/01f0: 00 00 00 00 00 00 00 00-00 00 00 00 00 00 00 00 ................
00:10:06.408734 00007f049c003530/0200: 00 00 00 00 00 00 00 00-00 00 00 00 00 00 00 00 ................
00:10:06.408736 00007f049c003540/0210: 00 00 00 00 00 00 00 00-00 00 00 00 00 00 00 00 ................
00:10:06.408738 00007f049c003550/0220: 00 00 00 00                                     ....
00:10:21.085232 DISCOVER xid 0x4e7ab16c chaddr 08:00:27:8a:35:d2
00:10:21.085254  ciaddr 10.0.2.15
00:10:21.085258  client id: 01 08 00 27 8a 35 d2
00:10:21.085261  requested address 10.0.2.15
00:10:21.085264  params { 1 2 6 12 15 26 28 121 3 33 40 41 42 119 249 252 17 }
00:10:21.085280   12: 'kali'
00:10:21.085281   57: 02 40
00:10:23.201367 DISCOVER xid 0x074b478b chaddr 08:00:27:8a:35:d2
00:10:23.201388  ciaddr 10.0.2.15
00:10:23.201391  client id: 01 08 00 27 8a 35 d2
00:10:23.201394  requested address 10.0.2.15
00:10:23.201397  params { 1 2 6 12 15 26 28 121 3 33 40 41 42 119 249 252 17 }
00:10:23.201413   12: 'kali'
00:10:23.201415   57: 02 40
00:10:28.149852 DISCOVER xid 0xe2126c61 chaddr 08:00:27:8a:35:d2
00:10:28.149876  ciaddr 10.0.2.15
00:10:28.149879  client id: 01 08 00 27 8a 35 d2
00:10:28.149882  requested address 10.0.2.15
00:10:28.149885  params { 1 2 6 12 15 26 28 121 3 33 40 41 42 119 249 252 17 }
00:10:28.149901   12: 'kali'
00:10:28.149903   57: 02 40
00:10:36.429478 DISCOVER xid 0x8de67e83 chaddr 08:00:27:8a:35:d2
00:10:36.429504  ciaddr 10.0.2.15
00:10:36.429507  client id: 01 08 00 27 8a 35 d2
00:10:36.429510  requested address 10.0.2.15
00:10:36.429513  params { 1 2 6 12 15 26 28 121 3 33 40 41 42 119 249 252 17 }
00:10:36.429529   12: 'kali'
00:10:36.429531   57: 02 40
00:10:53.192371 DISCOVER xid 0x02ffffc5 chaddr 08:00:27:8a:35:d2
00:10:53.192406  ciaddr 10.0.2.15
00:10:53.192411  client id: 01 08 00 27 8a 35 d2
00:10:53.192414  requested address 10.0.2.15
00:10:53.192419  params { 1 2 6 12 15 26 28 121 3 33 40 41 42 119 249 252 17 }
00:10:53.192465   12: 'kali'
00:10:53.192468   57: 02 40
00:11:06.305352 REQUEST xid 0xcc311133 chaddr 3e:68:2b:e4:0f:0a
00:11:06.305367  ciaddr 0.0.0.0
00:11:06.305370  client id: 01 3e 68 2b e4 0f 0a
00:11:06.305372  requested address 10.0.2.15
00:11:06.305374  params { 1 2 6 12 15 26 28 121 3 33 40 41 42 119 249 252 17 }
00:11:06.305389   12: 'kali'
00:11:06.305391   57: 02 40
00:11:06.305393 > allocateAddress 10.0.2.15 to client [01:3e:68:2b:e4:0f:0a] (3e:68:2b:e4:0f:0a)
00:11:06.305396 > .... noted expired binding 10.0.2.4 to 08:00:27:32:85:56, expired, valid from 2026-05-25T07:41:58Z for 600s until 2026-05-25T07:51:58Z
00:11:06.305401 > .... noted existing binding 10.0.2.15 to [01:08:00:27:8a:35:d2] (08:00:27:8a:35:d2), acked, valid from 2026-09-02T20:39:26Z for 600s until 2026-09-02T20:49:26Z
00:11:06.305404 > .... noted released binding 10.0.2.3 to [ff:e2:34:3f:3e:00:02:00:00:ab:11:76:ea:b8:fc:ac:a3:b1:3e] (08:00:27:4b:de:83), released, valid from 2026-05-25T07:43:19Z for 600s until 2026-05-25T07:53:19Z
00:11:06.305407 > .... cannot reuse acked binding for this address
00:11:06.305409 > .... creating new binding
00:11:06.305410 > .... allocated 10.0.2.5 free
00:11:06.305412 Lease time 600 secs (default)
00:11:06.305413 writing leases to /home/antualino/.config/VirtualBox/NatNetwork-Dhcpd.leases
00:11:06.314830 >>> requested option 1 (SubnetMask)
00:11:06.314839 ... always supplied
00:11:06.314840 >>> requested option 2 (TimeOffset)
00:11:06.314841 ... not found
00:11:06.314842 >>> requested option 6 (DNSes)
00:11:06.314844 ... found in GlobalConfig (type global)
00:11:06.314845 >>> requested option 12 (HostName)
00:11:06.314846 ... not found
00:11:06.314847 >>> requested option 15 (DomainName)
00:11:06.314848 ... not found
00:11:06.314849 >>> requested option 26 (InterfaceMTU)
00:11:06.314850 ... not found
00:11:06.314851 >>> requested option 28 (BroadcastAddress)
00:11:06.314852 ... not found
00:11:06.314853 >>> requested option 121 (unknown)
00:11:06.314858 ... not found
00:11:06.314859 >>> requested option 3 (Routers)
00:11:06.314860 ... found in GlobalConfig (type global)
00:11:06.314861 >>> requested option 33 (StaticRoute)
00:11:06.314862 ... not found
00:11:06.314862 >>> requested option 40 (NISDomain)
00:11:06.314863 ... not found
00:11:06.314863 >>> requested option 41 (NISServers)
00:11:06.314864 ... not found
00:11:06.314865 >>> requested option 42 (NTPServers)
00:11:06.314865 ... not found
00:11:06.314866 >>> requested option 119 (DomainSearch)
00:11:06.314867 ... not found
00:11:06.314867 >>> requested option 249 (unknown)
00:11:06.314868 ... not found
00:11:06.314868 >>> requested option 252 (unknown)
00:11:06.314869 ... not found
00:11:06.314870 >>> requested option 17 (RootPath)
00:11:06.314870 ... not found
00:11:06.314872 encoding option 1 (SubnetMask)
00:11:06.314873 encoding option 3 (Routers)
00:11:06.314874 encoding option 6 (DNSes)
00:11:06.314875 encoding option 51 (LeaseTime)
00:11:06.314876 ACK xid 0xcc311133 chaddr 3e:68:2b:e4:0f:0a
00:11:06.314879  ciaddr 0.0.0.0 yiaddr 10.0.2.5
00:11:06.314882 encoded message: 548 bytes
00:11:06.314883 00007f049c003330/0000: 02 01 06 00 33 11 31 cc-00 00 00 00 00 00 00 00 ....3.1.........
00:11:06.314885 00007f049c003340/0010: 0a 00 02 05 00 00 00 00-00 00 00 00 3e 68 2b e4 ............>h+.
00:11:06.314886 00007f049c003350/0020: 0f 0a 00 00 00 00 00 00-00 00 00 00 00 00 00 00 ................
00:11:06.314887 00007f049c003360/0030: 00 00 00 00 00 00 00 00-00 00 00 00 00 00 00 00 ................
00:11:06.314888 00007f049c003370/0040: 00 00 00 00 00 00 00 00-00 00 00 00 00 00 00 00 ................
00:11:06.314889 00007f049c003380/0050: 00 00 00 00 00 00 00 00-00 00 00 00 00 00 00 00 ................
00:11:06.314891 00007f049c003390/0060: 00 00 00 00 00 00 00 00-00 00 00 00 00 00 00 00 ................
00:11:06.314892 00007f049c0033a0/0070: 00 00 00 00 00 00 00 00-00 00 00 00 00 00 00 00 ................
00:11:06.314893 00007f049c0033b0/0080: 00 00 00 00 00 00 00 00-00 00 00 00 00 00 00 00 ................
00:11:06.314894 00007f049c0033c0/0090: 00 00 00 00 00 00 00 00-00 00 00 00 00 00 00 00 ................
00:11:06.314895 00007f049c0033d0/00a0: 00 00 00 00 00 00 00 00-00 00 00 00 00 00 00 00 ................
00:11:06.314896 00007f049c0033e0/00b0: 00 00 00 00 00 00 00 00-00 00 00 00 00 00 00 00 ................
00:11:06.314897 00007f049c0033f0/00c0: 00 00 00 00 00 00 00 00-00 00 00 00 00 00 00 00 ................
00:11:06.314899 00007f049c003400/00d0: 00 00 00 00 00 00 00 00-00 00 00 00 00 00 00 00 ................
00:11:06.314900 00007f049c003410/00e0: 00 00 00 00 00 00 00 00-00 00 00 00 63 82 53 63 ............c.Sc
00:11:06.314901 00007f049c003420/00f0: 36 04 0a 00 02 02 35 01-05 01 04 ff ff ff 00 03 6.....5.........
00:11:06.314902 00007f049c003430/0100: 04 0a 00 02 01 06 04 c0-a8 64 01 33 04 00 00 02 .........d.3....
00:11:06.314903 00007f049c003440/0110: 58 ff 00 00 00 00 00 00-00 00 00 00 00 00 00 00 X...............
00:11:06.314905 00007f049c003450/0120: 00 00 00 00 00 00 00 00-00 00 00 00 00 00 00 00 ................
00:11:06.314906 00007f049c003460/0130: 00 00 00 00 00 00 00 00-00 00 00 00 00 00 00 00 ................
00:11:06.314907 00007f049c003470/0140: 00 00 00 00 00 00 00 00-00 00 00 00 00 00 00 00 ................
00:11:06.314908 00007f049c003480/0150: 00 00 00 00 00 00 00 00-00 00 00 00 00 00 00 00 ................
00:11:06.314909 00007f049c003490/0160: 00 00 00 00 00 00 00 00-00 00 00 00 00 00 00 00 ................
00:11:06.314911 00007f049c0034a0/0170: 00 00 00 00 00 00 00 00-00 00 00 00 00 00 00 00 ................
00:11:06.314912 00007f049c0034b0/0180: 00 00 00 00 00 00 00 00-00 00 00 00 00 00 00 00 ................
00:11:06.314913 00007f049c0034c0/0190: 00 00 00 00 00 00 00 00-00 00 00 00 00 00 00 00 ................
00:11:06.314914 00007f049c0034d0/01a0: 00 00 00 00 00 00 00 00-00 00 00 00 00 00 00 00 ................
00:11:06.314915 00007f049c0034e0/01b0: 00 00 00 00 00 00 00 00-00 00 00 00 00 00 00 00 ................
00:11:06.314916 00007f049c0034f0/01c0: 00 00 00 00 00 00 00 00-00 00 00 00 00 00 00 00 ................
00:11:06.314918 00007f049c003500/01d0: 00 00 00 00 00 00 00 00-00 00 00 00 00 00 00 00 ................
00:11:06.314919 00007f049c003510/01e0: 00 00 00 00 00 00 00 00-00 00 00 00 00 00 00 00 ................
00:11:06.314920 00007f049c003520/01f0: 00 00 00 00 00 00 00 00-00 00 00 00 00 00 00 00 ................
00:11:06.314921 00007f049c003530/0200: 00 00 00 00 00 00 00 00-00 00 00 00 00 00 00 00 ................
00:11:06.314922 00007f049c003540/0210: 00 00 00 00 00 00 00 00-00 00 00 00 00 00 00 00 ................
00:11:06.314927 00007f049c003550/0220: 00 00 00 00                                     ....
00:11:58.257296 REQUEST xid 0x55905499 chaddr 3e:68:2b:e4:0f:0a
00:11:58.257331  ciaddr 0.0.0.0
00:11:58.257338  client id: 01 3e 68 2b e4 0f 0a
00:11:58.257343  requested address 10.0.2.5
00:11:58.257349  params { 1 2 6 12 15 26 28 121 3 33 40 41 42 119 249 252 17 }
00:11:58.257388   12: 'kali'
00:11:58.257391   57: 02 40
00:11:58.257396 > allocateAddress 10.0.2.5 to client [01:3e:68:2b:e4:0f:0a] (3e:68:2b:e4:0f:0a)
00:11:58.257403 > ... found existing binding 10.0.2.5 to [01:3e:68:2b:e4:0f:0a] (3e:68:2b:e4:0f:0a), acked, valid from 2026-09-02T20:40:26Z for 600s until 2026-09-02T20:50:26Z
00:11:58.257415 Lease time 600 secs (default)
00:11:58.257419 writing leases to /home/antualino/.config/VirtualBox/NatNetwork-Dhcpd.leases
00:11:58.262930 >>> requested option 1 (SubnetMask)
00:11:58.262948 ... always supplied
00:11:58.262951 >>> requested option 2 (TimeOffset)
00:11:58.262954 ... not found
00:11:58.262957 >>> requested option 6 (DNSes)
00:11:58.262960 ... found in GlobalConfig (type global)
00:11:58.262963 >>> requested option 12 (HostName)
00:11:58.262965 ... not found
00:11:58.262968 >>> requested option 15 (DomainName)
00:11:58.262970 ... not found
00:11:58.262972 >>> requested option 26 (InterfaceMTU)
00:11:58.262975 ... not found
00:11:58.262977 >>> requested option 28 (BroadcastAddress)
00:11:58.262980 ... not found
00:11:58.262982 >>> requested option 121 (unknown)
00:11:58.262984 ... not found
00:11:58.262987 >>> requested option 3 (Routers)
00:11:58.262989 ... found in GlobalConfig (type global)
00:11:58.262992 >>> requested option 33 (StaticRoute)
00:11:58.262995 ... not found
00:11:58.262997 >>> requested option 40 (NISDomain)
00:11:58.263000 ... not found
00:11:58.263002 >>> requested option 41 (NISServers)
00:11:58.263004 ... not found
00:11:58.263006 >>> requested option 42 (NTPServers)
00:11:58.263009 ... not found
00:11:58.263011 >>> requested option 119 (DomainSearch)
00:11:58.263014 ... not found
00:11:58.263016 >>> requested option 249 (unknown)
00:11:58.263018 ... not found
00:11:58.263021 >>> requested option 252 (unknown)
00:11:58.263023 ... not found
00:11:58.263025 >>> requested option 17 (RootPath)
00:11:58.263028 ... not found
00:11:58.263033 encoding option 1 (SubnetMask)
00:11:58.263036 encoding option 3 (Routers)
00:11:58.263039 encoding option 6 (DNSes)
00:11:58.263041 encoding option 51 (LeaseTime)
00:11:58.263045 ACK xid 0x55905499 chaddr 3e:68:2b:e4:0f:0a
00:11:58.263055  ciaddr 0.0.0.0 yiaddr 10.0.2.5
00:11:58.263063 encoded message: 548 bytes
00:11:58.263065 00007f049c003330/0000: 02 01 06 00 99 54 90 55-00 00 00 00 00 00 00 00 .....T.U........
00:11:58.263070 00007f049c003340/0010: 0a 00 02 05 00 00 00 00-00 00 00 00 3e 68 2b e4 ............>h+.
00:11:58.263073 00007f049c003350/0020: 0f 0a 00 00 00 00 00 00-00 00 00 00 00 00 00 00 ................
00:11:58.263076 00007f049c003360/0030: 00 00 00 00 00 00 00 00-00 00 00 00 00 00 00 00 ................
00:11:58.263080 00007f049c003370/0040: 00 00 00 00 00 00 00 00-00 00 00 00 00 00 00 00 ................
00:11:58.263083 00007f049c003380/0050: 00 00 00 00 00 00 00 00-00 00 00 00 00 00 00 00 ................
00:11:58.263087 00007f049c003390/0060: 00 00 00 00 00 00 00 00-00 00 00 00 00 00 00 00 ................
00:11:58.263090 00007f049c0033a0/0070: 00 00 00 00 00 00 00 00-00 00 00 00 00 00 00 00 ................
00:11:58.263093 00007f049c0033b0/0080: 00 00 00 00 00 00 00 00-00 00 00 00 00 00 00 00 ................
00:11:58.263097 00007f049c0033c0/0090: 00 00 00 00 00 00 00 00-00 00 00 00 00 00 00 00 ................
00:11:58.263100 00007f049c0033d0/00a0: 00 00 00 00 00 00 00 00-00 00 00 00 00 00 00 00 ................
00:11:58.263103 00007f049c0033e0/00b0: 00 00 00 00 00 00 00 00-00 00 00 00 00 00 00 00 ................
00:11:58.263107 00007f049c0033f0/00c0: 00 00 00 00 00 00 00 00-00 00 00 00 00 00 00 00 ................
00:11:58.263110 00007f049c003400/00d0: 00 00 00 00 00 00 00 00-00 00 00 00 00 00 00 00 ................
00:11:58.263113 00007f049c003410/00e0: 00 00 00 00 00 00 00 00-00 00 00 00 63 82 53 63 ............c.Sc
00:11:58.263116 00007f049c003420/00f0: 36 04 0a 00 02 02 35 01-05 01 04 ff ff ff 00 03 6.....5.........
00:11:58.263120 00007f049c003430/0100: 04 0a 00 02 01 06 04 c0-a8 64 01 33 04 00 00 02 .........d.3....
00:11:58.263123 00007f049c003440/0110: 58 ff 00 00 00 00 00 00-00 00 00 00 00 00 00 00 X...............
00:11:58.263127 00007f049c003450/0120: 00 00 00 00 00 00 00 00-00 00 00 00 00 00 00 00 ................
00:11:58.263131 00007f049c003460/0130: 00 00 00 00 00 00 00 00-00 00 00 00 00 00 00 00 ................
00:11:58.263134 00007f049c003470/0140: 00 00 00 00 00 00 00 00-00 00 00 00 00 00 00 00 ................
00:11:58.263137 00007f049c003480/0150: 00 00 00 00 00 00 00 00-00 00 00 00 00 00 00 00 ................
00:11:58.263141 00007f049c003490/0160: 00 00 00 00 00 00 00 00-00 00 00 00 00 00 00 00 ................
00:11:58.263144 00007f049c0034a0/0170: 00 00 00 00 00 00 00 00-00 00 00 00 00 00 00 00 ................
00:11:58.263148 00007f049c0034b0/0180: 00 00 00 00 00 00 00 00-00 00 00 00 00 00 00 00 ................
00:11:58.263151 00007f049c0034c0/0190: 00 00 00 00 00 00 00 00-00 00 00 00 00 00 00 00 ................
00:11:58.263155 00007f049c0034d0/01a0: 00 00 00 00 00 00 00 00-00 00 00 00 00 00 00 00 ................
00:11:58.263158 00007f049c0034e0/01b0: 00 00 00 00 00 00 00 00-00 00 00 00 00 00 00 00 ................
00:11:58.263162 00007f049c0034f0/01c0: 00 00 00 00 00 00 00 00-00 00 00 00 00 00 00 00 ................
00:11:58.263166 00007f049c003500/01d0: 00 00 00 00 00 00 00 00-00 00 00 00 00 00 00 00 ................
00:11:58.263170 00007f049c003510/01e0: 00 00 00 00 00 00 00 00-00 00 00 00 00 00 00 00 ................
00:11:58.263174 00007f049c003520/01f0: 00 00 00 00 00 00 00 00-00 00 00 00 00 00 00 00 ................
00:11:58.263177 00007f049c003530/0200: 00 00 00 00 00 00 00 00-00 00 00 00 00 00 00 00 ................
00:11:58.263180 00007f049c003540/0210: 00 00 00 00 00 00 00 00-00 00 00 00 00 00 00 00 ................
00:11:58.263183 00007f049c003550/0220: 00 00 00 00                                     ....
00:12:40.958725 REQUEST xid 0x25d456de chaddr 3e:68:2b:e4:0f:0a
00:12:40.958752  ciaddr 0.0.0.0
00:12:40.958756  client id: 01 3e 68 2b e4 0f 0a
00:12:40.958760  requested address 10.0.2.5
00:12:40.958764  params { 1 2 6 12 15 26 28 121 3 33 40 41 42 119 249 252 17 }
00:12:40.958790   12: 'kali'
00:12:40.958792   57: 02 40
00:12:40.958795 > allocateAddress 10.0.2.5 to client [01:3e:68:2b:e4:0f:0a] (3e:68:2b:e4:0f:0a)
00:12:40.958800 > ... found existing binding 10.0.2.5 to [01:3e:68:2b:e4:0f:0a] (3e:68:2b:e4:0f:0a), acked, valid from 2026-09-02T20:41:18Z for 600s until 2026-09-02T20:51:18Z
00:12:40.958808 Lease time 600 secs (default)
00:12:40.958811 writing leases to /home/antualino/.config/VirtualBox/NatNetwork-Dhcpd.leases
00:12:40.964605 >>> requested option 1 (SubnetMask)
00:12:40.964618 ... always supplied
00:12:40.964620 >>> requested option 2 (TimeOffset)
00:12:40.964622 ... not found
00:12:40.964624 >>> requested option 6 (DNSes)
00:12:40.964626 ... found in GlobalConfig (type global)
00:12:40.964628 >>> requested option 12 (HostName)
00:12:40.964630 ... not found
00:12:40.964631 >>> requested option 15 (DomainName)
00:12:40.964633 ... not found
00:12:40.964634 >>> requested option 26 (InterfaceMTU)
00:12:40.964636 ... not found
00:12:40.964638 >>> requested option 28 (BroadcastAddress)
00:12:40.964639 ... not found
00:12:40.964641 >>> requested option 121 (unknown)
00:12:40.964649 ... not found
00:12:40.964650 >>> requested option 3 (Routers)
00:12:40.964652 ... found in GlobalConfig (type global)
00:12:40.964653 >>> requested option 33 (StaticRoute)
00:12:40.964655 ... not found
00:12:40.964656 >>> requested option 40 (NISDomain)
00:12:40.964657 ... not found
00:12:40.964658 >>> requested option 41 (NISServers)
00:12:40.964659 ... not found
00:12:40.964660 >>> requested option 42 (NTPServers)
00:12:40.964661 ... not found
00:12:40.964662 >>> requested option 119 (DomainSearch)
00:12:40.964663 ... not found
00:12:40.964664 >>> requested option 249 (unknown)
00:12:40.964665 ... not found
00:12:40.964666 >>> requested option 252 (unknown)
00:12:40.964667 ... not found
00:12:40.964668 >>> requested option 17 (RootPath)
00:12:40.964669 ... not found
00:12:40.964672 encoding option 1 (SubnetMask)
00:12:40.964673 encoding option 3 (Routers)
00:12:40.964675 encoding option 6 (DNSes)
00:12:40.964676 encoding option 51 (LeaseTime)
00:12:40.964678 ACK xid 0x25d456de chaddr 3e:68:2b:e4:0f:0a
00:12:40.964683  ciaddr 0.0.0.0 yiaddr 10.0.2.5
00:12:40.964687 encoded message: 548 bytes
00:12:40.964688 00007f049c003330/0000: 02 01 06 00 de 56 d4 25-00 00 00 00 00 00 00 00 .....V.%........
00:12:40.964691 00007f049c003340/0010: 0a 00 02 05 00 00 00 00-00 00 00 00 3e 68 2b e4 ............>h+.
00:12:40.964694 00007f049c003350/0020: 0f 0a 00 00 00 00 00 00-00 00 00 00 00 00 00 00 ................
00:12:40.964696 00007f049c003360/0030: 00 00 00 00 00 00 00 00-00 00 00 00 00 00 00 00 ................
00:12:40.964698 00007f049c003370/0040: 00 00 00 00 00 00 00 00-00 00 00 00 00 00 00 00 ................
00:12:40.964700 00007f049c003380/0050: 00 00 00 00 00 00 00 00-00 00 00 00 00 00 00 00 ................
00:12:40.964702 00007f049c003390/0060: 00 00 00 00 00 00 00 00-00 00 00 00 00 00 00 00 ................
00:12:40.964704 00007f049c0033a0/0070: 00 00 00 00 00 00 00 00-00 00 00 00 00 00 00 00 ................
00:12:40.964706 00007f049c0033b0/0080: 00 00 00 00 00 00 00 00-00 00 00 00 00 00 00 00 ................
00:12:40.964708 00007f049c0033c0/0090: 00 00 00 00 00 00 00 00-00 00 00 00 00 00 00 00 ................
00:12:40.964710 00007f049c0033d0/00a0: 00 00 00 00 00 00 00 00-00 00 00 00 00 00 00 00 ................
00:12:40.964712 00007f049c0033e0/00b0: 00 00 00 00 00 00 00 00-00 00 00 00 00 00 00 00 ................
00:12:40.964714 00007f049c0033f0/00c0: 00 00 00 00 00 00 00 00-00 00 00 00 00 00 00 00 ................
00:12:40.964716 00007f049c003400/00d0: 00 00 00 00 00 00 00 00-00 00 00 00 00 00 00 00 ................
00:12:40.964718 00007f049c003410/00e0: 00 00 00 00 00 00 00 00-00 00 00 00 63 82 53 63 ............c.Sc
00:12:40.964720 00007f049c003420/00f0: 36 04 0a 00 02 02 35 01-05 01 04 ff ff ff 00 03 6.....5.........
00:12:40.964722 00007f049c003430/0100: 04 0a 00 02 01 06 04 c0-a8 64 01 33 04 00 00 02 .........d.3....
00:12:40.964724 00007f049c003440/0110: 58 ff 00 00 00 00 00 00-00 00 00 00 00 00 00 00 X...............
00:12:40.964726 00007f049c003450/0120: 00 00 00 00 00 00 00 00-00 00 00 00 00 00 00 00 ................
00:12:40.964728 00007f049c003460/0130: 00 00 00 00 00 00 00 00-00 00 00 00 00 00 00 00 ................
00:12:40.964730 00007f049c003470/0140: 00 00 00 00 00 00 00 00-00 00 00 00 00 00 00 00 ................
00:12:40.964732 00007f049c003480/0150: 00 00 00 00 00 00 00 00-00 00 00 00 00 00 00 00 ................
00:12:40.964734 00007f049c003490/0160: 00 00 00 00 00 00 00 00-00 00 00 00 00 00 00 00 ................
00:12:40.964736 00007f049c0034a0/0170: 00 00 00 00 00 00 00 00-00 00 00 00 00 00 00 00 ................
00:12:40.964738 00007f049c0034b0/0180: 00 00 00 00 00 00 00 00-00 00 00 00 00 00 00 00 ................
00:12:40.964740 00007f049c0034c0/0190: 00 00 00 00 00 00 00 00-00 00 00 00 00 00 00 00 ................
00:12:40.964742 00007f049c0034d0/01a0: 00 00 00 00 00 00 00 00-00 00 00 00 00 00 00 00 ................
00:12:40.964744 00007f049c0034e0/01b0: 00 00 00 00 00 00 00 00-00 00 00 00 00 00 00 00 ................
00:12:40.964746 00007f049c0034f0/01c0: 00 00 00 00 00 00 00 00-00 00 00 00 00 00 00 00 ................
00:12:40.964748 00007f049c003500/01d0: 00 00 00 00 00 00 00 00-00 00 00 00 00 00 00 00 ................
00:12:40.964750 00007f049c003510/01e0: 00 00 00 00 00 00 00 00-00 00 00 00 00 00 00 00 ................
00:12:40.964752 00007f049c003520/01f0: 00 00 00 00 00 00 00 00-00 00 00 00 00 00 00 00 ................
00:12:40.964754 00007f049c003530/0200: 00 00 00 00 00 00 00 00-00 00 00 00 00 00 00 00 ................
00:12:40.964756 00007f049c003540/0210: 00 00 00 00 00 00 00 00-00 00 00 00 00 00 00 00 ................
00:12:40.964758 00007f049c003550/0220: 00 00 00 00                                     ....
00:21:25.821655 REQUEST xid 0x49a18a8c chaddr 3e:68:2b:e4:0f:0a
00:21:25.821698  ciaddr 10.0.2.5
00:21:25.821703  client id: 01 3e 68 2b e4 0f 0a
00:21:25.821707  params { 1 2 6 12 15 26 28 121 3 33 40 41 42 119 249 252 17 }
00:21:25.821734   12: 'kali'
00:21:25.821737   57: ff ff
00:21:25.821740 > allocateAddress to client [01:3e:68:2b:e4:0f:0a] (3e:68:2b:e4:0f:0a)
00:21:25.821745 > ... found existing binding 10.0.2.5 to [01:3e:68:2b:e4:0f:0a] (3e:68:2b:e4:0f:0a), acked, valid from 2026-09-02T20:42:01Z for 600s until 2026-09-02T20:52:01Z
00:21:25.821753 Lease time 600 secs (default)
00:21:25.821755 writing leases to /home/antualino/.config/VirtualBox/NatNetwork-Dhcpd.leases
00:21:25.834355 >>> requested option 1 (SubnetMask)
00:21:25.834374 ... always supplied
00:21:25.834376 >>> requested option 2 (TimeOffset)
00:21:25.834378 ... not found
00:21:25.834380 >>> requested option 6 (DNSes)
00:21:25.834382 ... found in GlobalConfig (type global)
00:21:25.834384 >>> requested option 12 (HostName)
00:21:25.834386 ... not found
00:21:25.834388 >>> requested option 15 (DomainName)
00:21:25.834390 ... not found
00:21:25.834391 >>> requested option 26 (InterfaceMTU)
00:21:25.834393 ... not found
00:21:25.834395 >>> requested option 28 (BroadcastAddress)
00:21:25.834396 ... not found
00:21:25.834398 >>> requested option 121 (unknown)
00:21:25.834400 ... not found
00:21:25.834401 >>> requested option 3 (Routers)
00:21:25.834403 ... found in GlobalConfig (type global)
00:21:25.834406 >>> requested option 33 (StaticRoute)
00:21:25.834407 ... not found
00:21:25.834409 >>> requested option 40 (NISDomain)
00:21:25.834411 ... not found
00:21:25.834412 >>> requested option 41 (NISServers)
00:21:25.834414 ... not found
00:21:25.834416 >>> requested option 42 (NTPServers)
00:21:25.834418 ... not found
00:21:25.834419 >>> requested option 119 (DomainSearch)
00:21:25.834421 ... not found
00:21:25.834422 >>> requested option 249 (unknown)
00:21:25.834424 ... not found
00:21:25.834426 >>> requested option 252 (unknown)
00:21:25.834427 ... not found
00:21:25.834429 >>> requested option 17 (RootPath)
00:21:25.834431 ... not found
00:21:25.834435 encoding option 1 (SubnetMask)
00:21:25.834437 encoding option 3 (Routers)
00:21:25.834439 encoding option 6 (DNSes)
00:21:25.834441 encoding option 51 (LeaseTime)
00:21:25.834443 ACK xid 0x49a18a8c chaddr 3e:68:2b:e4:0f:0a
00:21:25.834451  ciaddr 10.0.2.5 yiaddr 10.0.2.5
00:21:25.834456 encoded message: 548 bytes
00:21:25.834458 00007f049c003330/0000: 02 01 06 00 8c 8a a1 49-00 00 00 00 0a 00 02 05 .......I........
00:21:25.834461 00007f049c003340/0010: 0a 00 02 05 00 00 00 00-00 00 00 00 3e 68 2b e4 ............>h+.
00:21:25.834464 00007f049c003350/0020: 0f 0a 00 00 00 00 00 00-00 00 00 00 00 00 00 00 ................
00:21:25.834466 00007f049c003360/0030: 00 00 00 00 00 00 00 00-00 00 00 00 00 00 00 00 ................
00:21:25.834468 00007f049c003370/0040: 00 00 00 00 00 00 00 00-00 00 00 00 00 00 00 00 ................
00:21:25.834470 00007f049c003380/0050: 00 00 00 00 00 00 00 00-00 00 00 00 00 00 00 00 ................
00:21:25.834472 00007f049c003390/0060: 00 00 00 00 00 00 00 00-00 00 00 00 00 00 00 00 ................
00:21:25.834474 00007f049c0033a0/0070: 00 00 00 00 00 00 00 00-00 00 00 00 00 00 00 00 ................
00:21:25.834476 00007f049c0033b0/0080: 00 00 00 00 00 00 00 00-00 00 00 00 00 00 00 00 ................
00:21:25.834478 00007f049c0033c0/0090: 00 00 00 00 00 00 00 00-00 00 00 00 00 00 00 00 ................
00:21:25.834480 00007f049c0033d0/00a0: 00 00 00 00 00 00 00 00-00 00 00 00 00 00 00 00 ................
00:21:25.834482 00007f049c0033e0/00b0: 00 00 00 00 00 00 00 00-00 00 00 00 00 00 00 00 ................
00:21:25.834484 00007f049c0033f0/00c0: 00 00 00 00 00 00 00 00-00 00 00 00 00 00 00 00 ................
00:21:25.834486 00007f049c003400/00d0: 00 00 00 00 00 00 00 00-00 00 00 00 00 00 00 00 ................
00:21:25.834488 00007f049c003410/00e0: 00 00 00 00 00 00 00 00-00 00 00 00 63 82 53 63 ............c.Sc
00:21:25.834490 00007f049c003420/00f0: 36 04 0a 00 02 02 35 01-05 01 04 ff ff ff 00 03 6.....5.........
00:21:25.834492 00007f049c003430/0100: 04 0a 00 02 01 06 04 c0-a8 64 01 33 04 00 00 02 .........d.3....
00:21:25.834494 00007f049c003440/0110: 58 ff 00 00 00 00 00 00-00 00 00 00 00 00 00 00 X...............
00:21:25.834496 00007f049c003450/0120: 00 00 00 00 00 00 00 00-00 00 00 00 00 00 00 00 ................
00:21:25.834498 00007f049c003460/0130: 00 00 00 00 00 00 00 00-00 00 00 00 00 00 00 00 ................
00:21:25.834500 00007f049c003470/0140: 00 00 00 00 00 00 00 00-00 00 00 00 00 00 00 00 ................
00:21:25.834502 00007f049c003480/0150: 00 00 00 00 00 00 00 00-00 00 00 00 00 00 00 00 ................
00:21:25.834505 00007f049c003490/0160: 00 00 00 00 00 00 00 00-00 00 00 00 00 00 00 00 ................
00:21:25.834507 00007f049c0034a0/0170: 00 00 00 00 00 00 00 00-00 00 00 00 00 00 00 00 ................
00:21:25.834509 00007f049c0034b0/0180: 00 00 00 00 00 00 00 00-00 00 00 00 00 00 00 00 ................
00:21:25.834511 00007f049c0034c0/0190: 00 00 00 00 00 00 00 00-00 00 00 00 00 00 00 00 ................
00:21:25.834513 00007f049c0034d0/01a0: 00 00 00 00 00 00 00 00-00 00 00 00 00 00 00 00 ................
00:21:25.834515 00007f049c0034e0/01b0: 00 00 00 00 00 00 00 00-00 00 00 00 00 00 00 00 ................
00:21:25.834517 00007f049c0034f0/01c0: 00 00 00 00 00 00 00 00-00 00 00 00 00 00 00 00 ................
00:21:25.834519 00007f049c003500/01d0: 00 00 00 00 00 00 00 00-00 00 00 00 00 00 00 00 ................
00:21:25.834521 00007f049c003510/01e0: 00 00 00 00 00 00 00 00-00 00 00 00 00 00 00 00 ................
00:21:25.834523 00007f049c003520/01f0: 00 00 00 00 00 00 00 00-00 00 00 00 00 00 00 00 ................
00:21:25.834525 00007f049c003530/0200: 00 00 00 00 00 00 00 00-00 00 00 00 00 00 00 00 ................
00:21:25.834527 00007f049c003540/0210: 00 00 00 00 00 00 00 00-00 00 00 00 00 00 00 00 ................
00:21:25.834529 00007f049c003550/0220: 00 00 00 00                                     ....
00:22:26.170261 REQUEST xid 0x192f19b1 chaddr 3e:68:2b:e4:0f:0a
00:22:26.170289  ciaddr 10.0.2.5
00:22:26.170294  client id: 01 3e 68 2b e4 0f 0a
00:22:26.170299  params { 1 2 6 12 15 26 28 121 3 33 40 41 42 119 249 252 17 }
00:22:26.170324   12: 'kali'
00:22:26.170327   57: ff ff
00:22:26.170331 > allocateAddress to client [01:3e:68:2b:e4:0f:0a] (3e:68:2b:e4:0f:0a)
00:22:26.170335 > ... found existing binding 10.0.2.5 to [01:3e:68:2b:e4:0f:0a] (3e:68:2b:e4:0f:0a), acked, valid from 2026-09-02T20:50:46Z for 600s until 2026-09-02T21:00:46Z
00:22:26.170343 Lease time 600 secs (default)
00:22:26.170346 writing leases to /home/antualino/.config/VirtualBox/NatNetwork-Dhcpd.leases
00:22:26.210601 >>> requested option 1 (SubnetMask)
00:22:26.210613 ... always supplied
00:22:26.210615 >>> requested option 2 (TimeOffset)
00:22:26.210618 ... not found
00:22:26.210619 >>> requested option 6 (DNSes)
00:22:26.210621 ... found in GlobalConfig (type global)
00:22:26.210623 >>> requested option 12 (HostName)
00:22:26.210625 ... not found
00:22:26.210627 >>> requested option 15 (DomainName)
00:22:26.210628 ... not found
00:22:26.210630 >>> requested option 26 (InterfaceMTU)
00:22:26.210631 ... not found
00:22:26.210633 >>> requested option 28 (BroadcastAddress)
00:22:26.210635 ... not found
00:22:26.210636 >>> requested option 121 (unknown)
00:22:26.210638 ... not found
00:22:26.210640 >>> requested option 3 (Routers)
00:22:26.210648 ... found in GlobalConfig (type global)
00:22:26.210650 >>> requested option 33 (StaticRoute)
00:22:26.210651 ... not found
00:22:26.210652 >>> requested option 40 (NISDomain)
00:22:26.210654 ... not found
00:22:26.210654 >>> requested option 41 (NISServers)
00:22:26.210656 ... not found
00:22:26.210657 >>> requested option 42 (NTPServers)
00:22:26.210658 ... not found
00:22:26.210659 >>> requested option 119 (DomainSearch)
00:22:26.210660 ... not found
00:22:26.210661 >>> requested option 249 (unknown)
00:22:26.210662 ... not found
00:22:26.210663 >>> requested option 252 (unknown)
00:22:26.210664 ... not found
00:22:26.210665 >>> requested option 17 (RootPath)
00:22:26.210666 ... not found
00:22:26.210670 encoding option 1 (SubnetMask)
00:22:26.210671 encoding option 3 (Routers)
00:22:26.210672 encoding option 6 (DNSes)
00:22:26.210674 encoding option 51 (LeaseTime)
00:22:26.210675 ACK xid 0x192f19b1 chaddr 3e:68:2b:e4:0f:0a
00:22:26.210680  ciaddr 10.0.2.5 yiaddr 10.0.2.5
00:22:26.210684 encoded message: 548 bytes
00:22:26.210686 00007f049c003330/0000: 02 01 06 00 b1 19 2f 19-00 00 00 00 0a 00 02 05 ....../.........
00:22:26.210689 00007f049c003340/0010: 0a 00 02 05 00 00 00 00-00 00 00 00 3e 68 2b e4 ............>h+.
00:22:26.210691 00007f049c003350/0020: 0f 0a 00 00 00 00 00 00-00 00 00 00 00 00 00 00 ................
00:22:26.210693 00007f049c003360/0030: 00 00 00 00 00 00 00 00-00 00 00 00 00 00 00 00 ................
00:22:26.210695 00007f049c003370/0040: 00 00 00 00 00 00 00 00-00 00 00 00 00 00 00 00 ................
00:22:26.210697 00007f049c003380/0050: 00 00 00 00 00 00 00 00-00 00 00 00 00 00 00 00 ................
00:22:26.210699 00007f049c003390/0060: 00 00 00 00 00 00 00 00-00 00 00 00 00 00 00 00 ................
00:22:26.210701 00007f049c0033a0/0070: 00 00 00 00 00 00 00 00-00 00 00 00 00 00 00 00 ................
00:22:26.210703 00007f049c0033b0/0080: 00 00 00 00 00 00 00 00-00 00 00 00 00 00 00 00 ................
00:22:26.210705 00007f049c0033c0/0090: 00 00 00 00 00 00 00 00-00 00 00 00 00 00 00 00 ................
00:22:26.210707 00007f049c0033d0/00a0: 00 00 00 00 00 00 00 00-00 00 00 00 00 00 00 00 ................
00:22:26.210709 00007f049c0033e0/00b0: 00 00 00 00 00 00 00 00-00 00 00 00 00 00 00 00 ................
00:22:26.210711 00007f049c0033f0/00c0: 00 00 00 00 00 00 00 00-00 00 00 00 00 00 00 00 ................
00:22:26.210713 00007f049c003400/00d0: 00 00 00 00 00 00 00 00-00 00 00 00 00 00 00 00 ................
00:22:26.210715 00007f049c003410/00e0: 00 00 00 00 00 00 00 00-00 00 00 00 63 82 53 63 ............c.Sc
00:22:26.210717 00007f049c003420/00f0: 36 04 0a 00 02 02 35 01-05 01 04 ff ff ff 00 03 6.....5.........
00:22:26.210719 00007f049c003430/0100: 04 0a 00 02 01 06 04 c0-a8 64 01 33 04 00 00 02 .........d.3....
00:22:26.210721 00007f049c003440/0110: 58 ff 00 00 00 00 00 00-00 00 00 00 00 00 00 00 X...............
00:22:26.210723 00007f049c003450/0120: 00 00 00 00 00 00 00 00-00 00 00 00 00 00 00 00 ................
00:22:26.210725 00007f049c003460/0130: 00 00 00 00 00 00 00 00-00 00 00 00 00 00 00 00 ................
00:22:26.210727 00007f049c003470/0140: 00 00 00 00 00 00 00 00-00 00 00 00 00 00 00 00 ................
00:22:26.210729 00007f049c003480/0150: 00 00 00 00 00 00 00 00-00 00 00 00 00 00 00 00 ................
00:22:26.210731 00007f049c003490/0160: 00 00 00 00 00 00 00 00-00 00 00 00 00 00 00 00 ................
00:22:26.210733 00007f049c0034a0/0170: 00 00 00 00 00 00 00 00-00 00 00 00 00 00 00 00 ................
00:22:26.210736 00007f049c0034b0/0180: 00 00 00 00 00 00 00 00-00 00 00 00 00 00 00 00 ................
00:22:26.210737 00007f049c0034c0/0190: 00 00 00 00 00 00 00 00-00 00 00 00 00 00 00 00 ................
00:22:26.210739 00007f049c0034d0/01a0: 00 00 00 00 00 00 00 00-00 00 00 00 00 00 00 00 ................
00:22:26.210741 00007f049c0034e0/01b0: 00 00 00 00 00 00 00 00-00 00 00 00 00 00 00 00 ................
00:22:26.210744 00007f049c0034f0/01c0: 00 00 00 00 00 00 00 00-00 00 00 00 00 00 00 00 ................
00:22:26.210746 00007f049c003500/01d0: 00 00 00 00 00 00 00 00-00 00 00 00 00 00 00 00 ................
00:22:26.210748 00007f049c003510/01e0: 00 00 00 00 00 00 00 00-00 00 00 00 00 00 00 00 ................
00:22:26.210750 00007f049c003520/01f0: 00 00 00 00 00 00 00 00-00 00 00 00 00 00 00 00 ................
00:22:26.210752 00007f049c003530/0200: 00 00 00 00 00 00 00 00-00 00 00 00 00 00 00 00 ................
00:22:26.210754 00007f049c003540/0210: 00 00 00 00 00 00 00 00-00 00 00 00 00 00 00 00 ................
00:22:26.210756 00007f049c003550/0220: 00 00 00 00                                     ....
00:22:41.103268 DISCOVER xid 0xa1c53db3 chaddr 3e:68:2b:e4:0f:0a
00:22:41.103287  ciaddr 10.0.2.5
00:22:41.103289  client id: 01 3e 68 2b e4 0f 0a
00:22:41.103291  requested address 10.0.2.5
00:22:41.103293  params { 1 2 6 12 15 26 28 121 3 33 40 41 42 119 249 252 17 }
00:22:41.103302   12: 'kali'
00:22:41.103303   57: 02 40
00:22:43.796523 DISCOVER xid 0x1bf02091 chaddr 3e:68:2b:e4:0f:0a
00:22:43.796547  ciaddr 10.0.2.5
00:22:43.796550  client id: 01 3e 68 2b e4 0f 0a
00:22:43.796553  requested address 10.0.2.5
00:22:43.796556  params { 1 2 6 12 15 26 28 121 3 33 40 41 42 119 249 252 17 }
00:22:43.796571   12: 'kali'
00:22:43.796572   57: 02 40
00:22:48.781829 DISCOVER xid 0x5aa75ee6 chaddr 3e:68:2b:e4:0f:0a
00:22:48.781850  ciaddr 10.0.2.5
00:22:48.781853  client id: 01 3e 68 2b e4 0f 0a
00:22:48.781857  requested address 10.0.2.5
00:22:48.781860  params { 1 2 6 12 15 26 28 121 3 33 40 41 42 119 249 252 17 }
00:22:48.781875   12: 'kali'
00:22:48.781877   57: 02 40
00:22:57.085842 DISCOVER xid 0x48ec2655 chaddr 3e:68:2b:e4:0f:0a
00:22:57.085867  ciaddr 10.0.2.5
00:22:57.085871  client id: 01 3e 68 2b e4 0f 0a
00:22:57.085874  requested address 10.0.2.5
00:22:57.085876  params { 1 2 6 12 15 26 28 121 3 33 40 41 42 119 249 252 17 }
00:22:57.085892   12: 'kali'
00:22:57.085893   57: 02 40
00:23:13.404537 DISCOVER xid 0xced0032b chaddr 3e:68:2b:e4:0f:0a
00:23:13.404574  ciaddr 10.0.2.5
00:23:13.404579  client id: 01 3e 68 2b e4 0f 0a
00:23:13.404583  requested address 10.0.2.5
00:23:13.404587  params { 1 2 6 12 15 26 28 121 3 33 40 41 42 119 249 252 17 }
00:23:13.404614   12: 'kali'
00:23:13.404616   57: 02 40
00:23:26.056253 REQUEST xid 0x3e5d1249 chaddr 3e:68:2b:e4:0f:0a
00:23:26.056282  ciaddr 0.0.0.0
00:23:26.056286  client id: 01 3e 68 2b e4 0f 0a
00:23:26.056290  requested address 10.0.2.5
00:23:26.056294  params { 1 2 6 12 15 26 28 121 3 33 40 41 42 119 249 252 17 }
00:23:26.056323   12: 'kali'
00:23:26.056327   57: 02 40
00:23:26.056331 > allocateAddress 10.0.2.5 to client [01:3e:68:2b:e4:0f:0a] (3e:68:2b:e4:0f:0a)
00:23:26.056339 > ... found existing binding 10.0.2.5 to [01:3e:68:2b:e4:0f:0a] (3e:68:2b:e4:0f:0a), acked, valid from 2026-09-02T20:51:46Z for 600s until 2026-09-02T21:01:46Z
00:23:26.056351 Lease time 600 secs (default)
00:23:26.056355 writing leases to /home/antualino/.config/VirtualBox/NatNetwork-Dhcpd.leases
00:23:26.103364 >>> requested option 1 (SubnetMask)
00:23:26.103378 ... always supplied
00:23:26.103380 >>> requested option 2 (TimeOffset)
00:23:26.103383 ... not found
00:23:26.103384 >>> requested option 6 (DNSes)
00:23:26.103386 ... found in GlobalConfig (type global)
00:23:26.103388 >>> requested option 12 (HostName)
00:23:26.103390 ... not found
00:23:26.103392 >>> requested option 15 (DomainName)
00:23:26.103394 ... not found
00:23:26.103395 >>> requested option 26 (InterfaceMTU)
00:23:26.103397 ... not found
00:23:26.103398 >>> requested option 28 (BroadcastAddress)
00:23:26.103400 ... not found
00:23:26.103402 >>> requested option 121 (unknown)
00:23:26.103403 ... not found
00:23:26.103405 >>> requested option 3 (Routers)
00:23:26.103407 ... found in GlobalConfig (type global)
00:23:26.103409 >>> requested option 33 (StaticRoute)
00:23:26.103410 ... not found
00:23:26.103412 >>> requested option 40 (NISDomain)
00:23:26.103414 ... not found
00:23:26.103415 >>> requested option 41 (NISServers)
00:23:26.103417 ... not found
00:23:26.103418 >>> requested option 42 (NTPServers)
00:23:26.103420 ... not found
00:23:26.103428 >>> requested option 119 (DomainSearch)
00:23:26.103430 ... not found
00:23:26.103431 >>> requested option 249 (unknown)
00:23:26.103432 ... not found
00:23:26.103433 >>> requested option 252 (unknown)
00:23:26.103434 ... not found
00:23:26.103435 >>> requested option 17 (RootPath)
00:23:26.103436 ... not found
00:23:26.103440 encoding option 1 (SubnetMask)
00:23:26.103441 encoding option 3 (Routers)
00:23:26.103442 encoding option 6 (DNSes)
00:23:26.103444 encoding option 51 (LeaseTime)
00:23:26.103446 ACK xid 0x3e5d1249 chaddr 3e:68:2b:e4:0f:0a
00:23:26.103451  ciaddr 0.0.0.0 yiaddr 10.0.2.5
00:23:26.103456 encoded message: 548 bytes
00:23:26.103457 00007f049c003330/0000: 02 01 06 00 49 12 5d 3e-00 00 00 00 00 00 00 00 ....I.]>........
00:23:26.103460 00007f049c003340/0010: 0a 00 02 05 00 00 00 00-00 00 00 00 3e 68 2b e4 ............>h+.
00:23:26.103463 00007f049c003350/0020: 0f 0a 00 00 00 00 00 00-00 00 00 00 00 00 00 00 ................
00:23:26.103465 00007f049c003360/0030: 00 00 00 00 00 00 00 00-00 00 00 00 00 00 00 00 ................
00:23:26.103467 00007f049c003370/0040: 00 00 00 00 00 00 00 00-00 00 00 00 00 00 00 00 ................
00:23:26.103469 00007f049c003380/0050: 00 00 00 00 00 00 00 00-00 00 00 00 00 00 00 00 ................
00:23:26.103471 00007f049c003390/0060: 00 00 00 00 00 00 00 00-00 00 00 00 00 00 00 00 ................
00:23:26.103473 00007f049c0033a0/0070: 00 00 00 00 00 00 00 00-00 00 00 00 00 00 00 00 ................
00:23:26.103475 00007f049c0033b0/0080: 00 00 00 00 00 00 00 00-00 00 00 00 00 00 00 00 ................
00:23:26.103477 00007f049c0033c0/0090: 00 00 00 00 00 00 00 00-00 00 00 00 00 00 00 00 ................
00:23:26.103479 00007f049c0033d0/00a0: 00 00 00 00 00 00 00 00-00 00 00 00 00 00 00 00 ................
00:23:26.103481 00007f049c0033e0/00b0: 00 00 00 00 00 00 00 00-00 00 00 00 00 00 00 00 ................
00:23:26.103483 00007f049c0033f0/00c0: 00 00 00 00 00 00 00 00-00 00 00 00 00 00 00 00 ................
00:23:26.103485 00007f049c003400/00d0: 00 00 00 00 00 00 00 00-00 00 00 00 00 00 00 00 ................
00:23:26.103487 00007f049c003410/00e0: 00 00 00 00 00 00 00 00-00 00 00 00 63 82 53 63 ............c.Sc
00:23:26.103489 00007f049c003420/00f0: 36 04 0a 00 02 02 35 01-05 01 04 ff ff ff 00 03 6.....5.........
00:23:26.103491 00007f049c003430/0100: 04 0a 00 02 01 06 04 c0-a8 64 01 33 04 00 00 02 .........d.3....
00:23:26.103493 00007f049c003440/0110: 58 ff 00 00 00 00 00 00-00 00 00 00 00 00 00 00 X...............
00:23:26.103495 00007f049c003450/0120: 00 00 00 00 00 00 00 00-00 00 00 00 00 00 00 00 ................
00:23:26.103497 00007f049c003460/0130: 00 00 00 00 00 00 00 00-00 00 00 00 00 00 00 00 ................
00:23:26.103499 00007f049c003470/0140: 00 00 00 00 00 00 00 00-00 00 00 00 00 00 00 00 ................
00:23:26.103501 00007f049c003480/0150: 00 00 00 00 00 00 00 00-00 00 00 00 00 00 00 00 ................
00:23:26.103503 00007f049c003490/0160: 00 00 00 00 00 00 00 00-00 00 00 00 00 00 00 00 ................
00:23:26.103505 00007f049c0034a0/0170: 00 00 00 00 00 00 00 00-00 00 00 00 00 00 00 00 ................
00:23:26.103507 00007f049c0034b0/0180: 00 00 00 00 00 00 00 00-00 00 00 00 00 00 00 00 ................
00:23:26.103509 00007f049c0034c0/0190: 00 00 00 00 00 00 00 00-00 00 00 00 00 00 00 00 ................
00:23:26.103511 00007f049c0034d0/01a0: 00 00 00 00 00 00 00 00-00 00 00 00 00 00 00 00 ................
00:23:26.103513 00007f049c0034e0/01b0: 00 00 00 00 00 00 00 00-00 00 00 00 00 00 00 00 ................
00:23:26.103515 00007f049c0034f0/01c0: 00 00 00 00 00 00 00 00-00 00 00 00 00 00 00 00 ................
00:23:26.103517 00007f049c003500/01d0: 00 00 00 00 00 00 00 00-00 00 00 00 00 00 00 00 ................
00:23:26.103519 00007f049c003510/01e0: 00 00 00 00 00 00 00 00-00 00 00 00 00 00 00 00 ................
00:23:26.103521 00007f049c003520/01f0: 00 00 00 00 00 00 00 00-00 00 00 00 00 00 00 00 ................
00:23:26.103523 00007f049c003530/0200: 00 00 00 00 00 00 00 00-00 00 00 00 00 00 00 00 ................
00:23:26.103525 00007f049c003540/0210: 00 00 00 00 00 00 00 00-00 00 00 00 00 00 00 00 ................
00:23:26.103527 00007f049c003550/0220: 00 00 00 00                                     ....
00:32:10.769637 REQUEST xid 0x9c6a4b2e chaddr 3e:68:2b:e4:0f:0a
00:32:10.769667  ciaddr 10.0.2.5
00:32:10.769672  client id: 01 3e 68 2b e4 0f 0a
00:32:10.769676  params { 1 2 6 12 15 26 28 121 3 33 40 41 42 119 249 252 17 }
00:32:10.769702   12: 'kali'
00:32:10.769704   57: ff ff
00:32:10.769708 > allocateAddress to client [01:3e:68:2b:e4:0f:0a] (3e:68:2b:e4:0f:0a)
00:32:10.769712 > ... found existing binding 10.0.2.5 to [01:3e:68:2b:e4:0f:0a] (3e:68:2b:e4:0f:0a), acked, valid from 2026-09-02T20:52:46Z for 600s until 2026-09-02T21:02:46Z
00:32:10.769721 Lease time 600 secs (default)
00:32:10.769723 writing leases to /home/antualino/.config/VirtualBox/NatNetwork-Dhcpd.leases
00:32:10.809963 >>> requested option 1 (SubnetMask)
00:32:10.809978 ... always supplied
00:32:10.809980 >>> requested option 2 (TimeOffset)
00:32:10.809982 ... not found
00:32:10.809984 >>> requested option 6 (DNSes)
00:32:10.809986 ... found in GlobalConfig (type global)
00:32:10.809988 >>> requested option 12 (HostName)
00:32:10.809990 ... not found
00:32:10.809992 >>> requested option 15 (DomainName)
00:32:10.809993 ... not found
00:32:10.809995 >>> requested option 26 (InterfaceMTU)
00:32:10.809997 ... not found
00:32:10.809998 >>> requested option 28 (BroadcastAddress)
00:32:10.810000 ... not found
00:32:10.810001 >>> requested option 121 (unknown)
00:32:10.810003 ... not found
00:32:10.810005 >>> requested option 3 (Routers)
00:32:10.810006 ... found in GlobalConfig (type global)
00:32:10.810008 >>> requested option 33 (StaticRoute)
00:32:10.810010 ... not found
00:32:10.810011 >>> requested option 40 (NISDomain)
00:32:10.810013 ... not found
00:32:10.810015 >>> requested option 41 (NISServers)
00:32:10.810016 ... not found
00:32:10.810018 >>> requested option 42 (NTPServers)
00:32:10.810019 ... not found
00:32:10.810021 >>> requested option 119 (DomainSearch)
00:32:10.810022 ... not found
00:32:10.810024 >>> requested option 249 (unknown)
00:32:10.810026 ... not found
00:32:10.810027 >>> requested option 252 (unknown)
00:32:10.810029 ... not found
00:32:10.810030 >>> requested option 17 (RootPath)
00:32:10.810032 ... not found
00:32:10.810036 encoding option 1 (SubnetMask)
00:32:10.810037 encoding option 3 (Routers)
00:32:10.810039 encoding option 6 (DNSes)
00:32:10.810041 encoding option 51 (LeaseTime)
00:32:10.810043 ACK xid 0x9c6a4b2e chaddr 3e:68:2b:e4:0f:0a
00:32:10.810051  ciaddr 10.0.2.5 yiaddr 10.0.2.5
00:32:10.810056 encoded message: 548 bytes
00:32:10.810058 00007f049c003330/0000: 02 01 06 00 2e 4b 6a 9c-00 00 00 00 0a 00 02 05 .....Kj.........
00:32:10.810061 00007f049c003340/0010: 0a 00 02 05 00 00 00 00-00 00 00 00 3e 68 2b e4 ............>h+.
00:32:10.810063 00007f049c003350/0020: 0f 0a 00 00 00 00 00 00-00 00 00 00 00 00 00 00 ................
00:32:10.810065 00007f049c003360/0030: 00 00 00 00 00 00 00 00-00 00 00 00 00 00 00 00 ................
00:32:10.810067 00007f049c003370/0040: 00 00 00 00 00 00 00 00-00 00 00 00 00 00 00 00 ................
00:32:10.810069 00007f049c003380/0050: 00 00 00 00 00 00 00 00-00 00 00 00 00 00 00 00 ................
00:32:10.810071 00007f049c003390/0060: 00 00 00 00 00 00 00 00-00 00 00 00 00 00 00 00 ................
00:32:10.810073 00007f049c0033a0/0070: 00 00 00 00 00 00 00 00-00 00 00 00 00 00 00 00 ................
00:32:10.810075 00007f049c0033b0/0080: 00 00 00 00 00 00 00 00-00 00 00 00 00 00 00 00 ................
00:32:10.810077 00007f049c0033c0/0090: 00 00 00 00 00 00 00 00-00 00 00 00 00 00 00 00 ................
00:32:10.810079 00007f049c0033d0/00a0: 00 00 00 00 00 00 00 00-00 00 00 00 00 00 00 00 ................
00:32:10.810081 00007f049c0033e0/00b0: 00 00 00 00 00 00 00 00-00 00 00 00 00 00 00 00 ................
00:32:10.810083 00007f049c0033f0/00c0: 00 00 00 00 00 00 00 00-00 00 00 00 00 00 00 00 ................
00:32:10.810085 00007f049c003400/00d0: 00 00 00 00 00 00 00 00-00 00 00 00 00 00 00 00 ................
00:32:10.810087 00007f049c003410/00e0: 00 00 00 00 00 00 00 00-00 00 00 00 63 82 53 63 ............c.Sc
00:32:10.810089 00007f049c003420/00f0: 36 04 0a 00 02 02 35 01-05 01 04 ff ff ff 00 03 6.....5.........
00:32:10.810091 00007f049c003430/0100: 04 0a 00 02 01 06 04 c0-a8 64 01 33 04 00 00 02 .........d.3....
00:32:10.810094 00007f049c003440/0110: 58 ff 00 00 00 00 00 00-00 00 00 00 00 00 00 00 X...............
00:32:10.810096 00007f049c003450/0120: 00 00 00 00 00 00 00 00-00 00 00 00 00 00 00 00 ................
00:32:10.810098 00007f049c003460/0130: 00 00 00 00 00 00 00 00-00 00 00 00 00 00 00 00 ................
00:32:10.810100 00007f049c003470/0140: 00 00 00 00 00 00 00 00-00 00 00 00 00 00 00 00 ................
00:32:10.810102 00007f049c003480/0150: 00 00 00 00 00 00 00 00-00 00 00 00 00 00 00 00 ................
00:32:10.810104 00007f049c003490/0160: 00 00 00 00 00 00 00 00-00 00 00 00 00 00 00 00 ................
00:32:10.810106 00007f049c0034a0/0170: 00 00 00 00 00 00 00 00-00 00 00 00 00 00 00 00 ................
00:32:10.810108 00007f049c0034b0/0180: 00 00 00 00 00 00 00 00-00 00 00 00 00 00 00 00 ................
00:32:10.810110 00007f049c0034c0/0190: 00 00 00 00 00 00 00 00-00 00 00 00 00 00 00 00 ................
00:32:10.810112 00007f049c0034d0/01a0: 00 00 00 00 00 00 00 00-00 00 00 00 00 00 00 00 ................
00:32:10.810114 00007f049c0034e0/01b0: 00 00 00 00 00 00 00 00-00 00 00 00 00 00 00 00 ................
00:32:10.810116 00007f049c0034f0/01c0: 00 00 00 00 00 00 00 00-00 00 00 00 00 00 00 00 ................
00:32:10.810118 00007f049c003500/01d0: 00 00 00 00 00 00 00 00-00 00 00 00 00 00 00 00 ................
00:32:10.810120 00007f049c003510/01e0: 00 00 00 00 00 00 00 00-00 00 00 00 00 00 00 00 ................
00:32:10.810122 00007f049c003520/01f0: 00 00 00 00 00 00 00 00-00 00 00 00 00 00 00 00 ................
00:32:10.810124 00007f049c003530/0200: 00 00 00 00 00 00 00 00-00 00 00 00 00 00 00 00 ................
00:32:10.810126 00007f049c003540/0210: 00 00 00 00 00 00 00 00-00 00 00 00 00 00 00 00 ................
00:32:10.810128 00007f049c003550/0220: 00 00 00 00                                     ....
00:33:11.073819 REQUEST xid 0x233e1d47 chaddr 3e:68:2b:e4:0f:0a
00:33:11.073853  ciaddr 10.0.2.5
00:33:11.073858  client id: 01 3e 68 2b e4 0f 0a
00:33:11.073862  params { 1 2 6 12 15 26 28 121 3 33 40 41 42 119 249 252 17 }
00:33:11.073888   12: 'kali'
00:33:11.073890   57: ff ff
00:33:11.073893 > allocateAddress to client [01:3e:68:2b:e4:0f:0a] (3e:68:2b:e4:0f:0a)
00:33:11.073898 > ... found existing binding 10.0.2.5 to [01:3e:68:2b:e4:0f:0a] (3e:68:2b:e4:0f:0a), acked, valid from 2026-09-02T21:01:31Z for 600s until 2026-09-02T21:11:31Z
00:33:11.073906 Lease time 600 secs (default)
00:33:11.073909 writing leases to /home/antualino/.config/VirtualBox/NatNetwork-Dhcpd.leases
00:33:11.114438 >>> requested option 1 (SubnetMask)
00:33:11.114458 ... always supplied
00:33:11.114460 >>> requested option 2 (TimeOffset)
00:33:11.114462 ... not found
00:33:11.114464 >>> requested option 6 (DNSes)
00:33:11.114466 ... found in GlobalConfig (type global)
00:33:11.114468 >>> requested option 12 (HostName)
00:33:11.114470 ... not found
00:33:11.114471 >>> requested option 15 (DomainName)
00:33:11.114473 ... not found
00:33:11.114475 >>> requested option 26 (InterfaceMTU)
00:33:11.114476 ... not found
00:33:11.114478 >>> requested option 28 (BroadcastAddress)
00:33:11.114480 ... not found
00:33:11.114481 >>> requested option 121 (unknown)
00:33:11.114483 ... not found
00:33:11.114485 >>> requested option 3 (Routers)
00:33:11.114486 ... found in GlobalConfig (type global)
00:33:11.114488 >>> requested option 33 (StaticRoute)
00:33:11.114490 ... not found
00:33:11.114492 >>> requested option 40 (NISDomain)
00:33:11.114493 ... not found
00:33:11.114495 >>> requested option 41 (NISServers)
00:33:11.114497 ... not found
00:33:11.114498 >>> requested option 42 (NTPServers)
00:33:11.114500 ... not found
00:33:11.114501 >>> requested option 119 (DomainSearch)
00:33:11.114503 ... not found
00:33:11.114515 >>> requested option 249 (unknown)
00:33:11.114517 ... not found
00:33:11.114518 >>> requested option 252 (unknown)
00:33:11.114519 ... not found
00:33:11.114520 >>> requested option 17 (RootPath)
00:33:11.114521 ... not found
00:33:11.114524 encoding option 1 (SubnetMask)
00:33:11.114525 encoding option 3 (Routers)
00:33:11.114527 encoding option 6 (DNSes)
00:33:11.114528 encoding option 51 (LeaseTime)
00:33:11.114530 ACK xid 0x233e1d47 chaddr 3e:68:2b:e4:0f:0a
00:33:11.114536  ciaddr 10.0.2.5 yiaddr 10.0.2.5
00:33:11.114540 encoded message: 548 bytes
00:33:11.114541 00007f049c003330/0000: 02 01 06 00 47 1d 3e 23-00 00 00 00 0a 00 02 05 ....G.>#........
00:33:11.114544 00007f049c003340/0010: 0a 00 02 05 00 00 00 00-00 00 00 00 3e 68 2b e4 ............>h+.
00:33:11.114547 00007f049c003350/0020: 0f 0a 00 00 00 00 00 00-00 00 00 00 00 00 00 00 ................
00:33:11.114549 00007f049c003360/0030: 00 00 00 00 00 00 00 00-00 00 00 00 00 00 00 00 ................
00:33:11.114551 00007f049c003370/0040: 00 00 00 00 00 00 00 00-00 00 00 00 00 00 00 00 ................
00:33:11.114553 00007f049c003380/0050: 00 00 00 00 00 00 00 00-00 00 00 00 00 00 00 00 ................
00:33:11.114555 00007f049c003390/0060: 00 00 00 00 00 00 00 00-00 00 00 00 00 00 00 00 ................
00:33:11.114557 00007f049c0033a0/0070: 00 00 00 00 00 00 00 00-00 00 00 00 00 00 00 00 ................
00:33:11.114559 00007f049c0033b0/0080: 00 00 00 00 00 00 00 00-00 00 00 00 00 00 00 00 ................
00:33:11.114561 00007f049c0033c0/0090: 00 00 00 00 00 00 00 00-00 00 00 00 00 00 00 00 ................
00:33:11.114563 00007f049c0033d0/00a0: 00 00 00 00 00 00 00 00-00 00 00 00 00 00 00 00 ................
00:33:11.114565 00007f049c0033e0/00b0: 00 00 00 00 00 00 00 00-00 00 00 00 00 00 00 00 ................
00:33:11.114567 00007f049c0033f0/00c0: 00 00 00 00 00 00 00 00-00 00 00 00 00 00 00 00 ................
00:33:11.114569 00007f049c003400/00d0: 00 00 00 00 00 00 00 00-00 00 00 00 00 00 00 00 ................
00:33:11.114571 00007f049c003410/00e0: 00 00 00 00 00 00 00 00-00 00 00 00 63 82 53 63 ............c.Sc
00:33:11.114573 00007f049c003420/00f0: 36 04 0a 00 02 02 35 01-05 01 04 ff ff ff 00 03 6.....5.........
00:33:11.114575 00007f049c003430/0100: 04 0a 00 02 01 06 04 c0-a8 64 01 33 04 00 00 02 .........d.3....
00:33:11.114577 00007f049c003440/0110: 58 ff 00 00 00 00 00 00-00 00 00 00 00 00 00 00 X...............
00:33:11.114579 00007f049c003450/0120: 00 00 00 00 00 00 00 00-00 00 00 00 00 00 00 00 ................
00:33:11.114581 00007f049c003460/0130: 00 00 00 00 00 00 00 00-00 00 00 00 00 00 00 00 ................
00:33:11.114583 00007f049c003470/0140: 00 00 00 00 00 00 00 00-00 00 00 00 00 00 00 00 ................
00:33:11.114585 00007f049c003480/0150: 00 00 00 00 00 00 00 00-00 00 00 00 00 00 00 00 ................
00:33:11.114587 00007f049c003490/0160: 00 00 00 00 00 00 00 00-00 00 00 00 00 00 00 00 ................
00:33:11.114589 00007f049c0034a0/0170: 00 00 00 00 00 00 00 00-00 00 00 00 00 00 00 00 ................
00:33:11.114591 00007f049c0034b0/0180: 00 00 00 00 00 00 00 00-00 00 00 00 00 00 00 00 ................
00:33:11.114593 00007f049c0034c0/0190: 00 00 00 00 00 00 00 00-00 00 00 00 00 00 00 00 ................
00:33:11.114595 00007f049c0034d0/01a0: 00 00 00 00 00 00 00 00-00 00 00 00 00 00 00 00 ................
00:33:11.114597 00007f049c0034e0/01b0: 00 00 00 00 00 00 00 00-00 00 00 00 00 00 00 00 ................
00:33:11.114599 00007f049c0034f0/01c0: 00 00 00 00 00 00 00 00-00 00 00 00 00 00 00 00 ................
00:33:11.114601 00007f049c003500/01d0: 00 00 00 00 00 00 00 00-00 00 00 00 00 00 00 00 ................
00:33:11.114603 00007f049c003510/01e0: 00 00 00 00 00 00 00 00-00 00 00 00 00 00 00 00 ................
00:33:11.114605 00007f049c003520/01f0: 00 00 00 00 00 00 00 00-00 00 00 00 00 00 00 00 ................
00:33:11.114607 00007f049c003530/0200: 00 00 00 00 00 00 00 00-00 00 00 00 00 00 00 00 ................
00:33:11.114609 00007f049c003540/0210: 00 00 00 00 00 00 00 00-00 00 00 00 00 00 00 00 ................
00:33:11.114611 00007f049c003550/0220: 00 00 00 00                                     ....
00:33:25.861540 DISCOVER xid 0xab33885e chaddr 3e:68:2b:e4:0f:0a
00:33:25.861570  ciaddr 10.0.2.5
00:33:25.861573  client id: 01 3e 68 2b e4 0f 0a
00:33:25.861575  requested address 10.0.2.5
00:33:25.861576  params { 1 2 6 12 15 26 28 121 3 33 40 41 42 119 249 252 17 }
00:33:25.861585   12: 'kali'
00:33:25.861586   57: 02 40
00:33:28.199495 DISCOVER xid 0x9596f3a2 chaddr 3e:68:2b:e4:0f:0a
00:33:28.199514  ciaddr 10.0.2.5
00:33:28.199517  client id: 01 3e 68 2b e4 0f 0a
00:33:28.199519  requested address 10.0.2.5
00:33:28.199522  params { 1 2 6 12 15 26 28 121 3 33 40 41 42 119 249 252 17 }
00:33:28.199531   12: 'kali'
00:33:28.199532   57: 02 40
00:33:33.053640 DISCOVER xid 0xff7edc48 chaddr 3e:68:2b:e4:0f:0a
00:33:33.053663  ciaddr 10.0.2.5
00:33:33.053667  client id: 01 3e 68 2b e4 0f 0a
00:33:33.053670  requested address 10.0.2.5
00:33:33.053672  params { 1 2 6 12 15 26 28 121 3 33 40 41 42 119 249 252 17 }
00:33:33.053688   12: 'kali'
00:33:33.053690   57: 02 40
00:33:41.064197 DISCOVER xid 0x300eb44d chaddr 3e:68:2b:e4:0f:0a
00:33:41.064215  ciaddr 10.0.2.5
00:33:41.064217  client id: 01 3e 68 2b e4 0f 0a
00:33:41.064219  requested address 10.0.2.5
00:33:41.064220  params { 1 2 6 12 15 26 28 121 3 33 40 41 42 119 249 252 17 }
00:33:41.064229   12: 'kali'
00:33:41.064230   57: 02 40
00:33:57.793803 DISCOVER xid 0x2d13873f chaddr 3e:68:2b:e4:0f:0a
00:33:57.793841  ciaddr 10.0.2.5
00:33:57.793847  client id: 01 3e 68 2b e4 0f 0a
00:33:57.793853  requested address 10.0.2.5
00:33:57.793858  params { 1 2 6 12 15 26 28 121 3 33 40 41 42 119 249 252 17 }
00:33:57.793883   12: 'kali'
00:33:57.793886   57: 02 40
00:34:10.702031 REQUEST xid 0xaf445175 chaddr 3e:68:2b:e4:0f:0a
00:34:10.702055  ciaddr 0.0.0.0
00:34:10.702060  client id: 01 3e 68 2b e4 0f 0a
00:34:10.702063  requested address 10.0.2.5
00:34:10.702068  params { 1 2 6 12 15 26 28 121 3 33 40 41 42 119 249 252 17 }
00:34:10.702093   12: 'kali'
00:34:10.702096   57: 02 40
00:34:10.702099 > allocateAddress 10.0.2.5 to client [01:3e:68:2b:e4:0f:0a] (3e:68:2b:e4:0f:0a)
00:34:10.702104 > ... found existing binding 10.0.2.5 to [01:3e:68:2b:e4:0f:0a] (3e:68:2b:e4:0f:0a), acked, valid from 2026-09-02T21:02:31Z for 600s until 2026-09-02T21:12:31Z
00:34:10.702112 Lease time 600 secs (default)
00:34:10.702115 writing leases to /home/antualino/.config/VirtualBox/NatNetwork-Dhcpd.leases
00:34:10.707557 >>> requested option 1 (SubnetMask)
00:34:10.707571 ... always supplied
00:34:10.707573 >>> requested option 2 (TimeOffset)
00:34:10.707575 ... not found
00:34:10.707577 >>> requested option 6 (DNSes)
00:34:10.707579 ... found in GlobalConfig (type global)
00:34:10.707581 >>> requested option 12 (HostName)
00:34:10.707583 ... not found
00:34:10.707584 >>> requested option 15 (DomainName)
00:34:10.707586 ... not found
00:34:10.707588 >>> requested option 26 (InterfaceMTU)
00:34:10.707589 ... not found
00:34:10.707591 >>> requested option 28 (BroadcastAddress)
00:34:10.707593 ... not found
00:34:10.707594 >>> requested option 121 (unknown)
00:34:10.707596 ... not found
00:34:10.707598 >>> requested option 3 (Routers)
00:34:10.707599 ... found in GlobalConfig (type global)
00:34:10.707601 >>> requested option 33 (StaticRoute)
00:34:10.707603 ... not found
00:34:10.707605 >>> requested option 40 (NISDomain)
00:34:10.707606 ... not found
00:34:10.707608 >>> requested option 41 (NISServers)
00:34:10.707609 ... not found
00:34:10.707611 >>> requested option 42 (NTPServers)
00:34:10.707612 ... not found
00:34:10.707614 >>> requested option 119 (DomainSearch)
00:34:10.707616 ... not found
00:34:10.707617 >>> requested option 249 (unknown)
00:34:10.707619 ... not found
00:34:10.707620 >>> requested option 252 (unknown)
00:34:10.707622 ... not found
00:34:10.707623 >>> requested option 17 (RootPath)
00:34:10.707625 ... not found
00:34:10.707629 encoding option 1 (SubnetMask)
00:34:10.707630 encoding option 3 (Routers)
00:34:10.707633 encoding option 6 (DNSes)
00:34:10.707634 encoding option 51 (LeaseTime)
00:34:10.707644 ACK xid 0xaf445175 chaddr 3e:68:2b:e4:0f:0a
00:34:10.707649  ciaddr 0.0.0.0 yiaddr 10.0.2.5
00:34:10.707653 encoded message: 548 bytes
00:34:10.707655 00007f049c003330/0000: 02 01 06 00 75 51 44 af-00 00 00 00 00 00 00 00 ....uQD.........
00:34:10.707658 00007f049c003340/0010: 0a 00 02 05 00 00 00 00-00 00 00 00 3e 68 2b e4 ............>h+.
00:34:10.707660 00007f049c003350/0020: 0f 0a 00 00 00 00 00 00-00 00 00 00 00 00 00 00 ................
00:34:10.707662 00007f049c003360/0030: 00 00 00 00 00 00 00 00-00 00 00 00 00 00 00 00 ................
00:34:10.707664 00007f049c003370/0040: 00 00 00 00 00 00 00 00-00 00 00 00 00 00 00 00 ................
00:34:10.707666 00007f049c003380/0050: 00 00 00 00 00 00 00 00-00 00 00 00 00 00 00 00 ................
00:34:10.707668 00007f049c003390/0060: 00 00 00 00 00 00 00 00-00 00 00 00 00 00 00 00 ................
00:34:10.707670 00007f049c0033a0/0070: 00 00 00 00 00 00 00 00-00 00 00 00 00 00 00 00 ................
00:34:10.707672 00007f049c0033b0/0080: 00 00 00 00 00 00 00 00-00 00 00 00 00 00 00 00 ................
00:34:10.707674 00007f049c0033c0/0090: 00 00 00 00 00 00 00 00-00 00 00 00 00 00 00 00 ................
00:34:10.707676 00007f049c0033d0/00a0: 00 00 00 00 00 00 00 00-00 00 00 00 00 00 00 00 ................
00:34:10.707678 00007f049c0033e0/00b0: 00 00 00 00 00 00 00 00-00 00 00 00 00 00 00 00 ................
00:34:10.707680 00007f049c0033f0/00c0: 00 00 00 00 00 00 00 00-00 00 00 00 00 00 00 00 ................
00:34:10.707682 00007f049c003400/00d0: 00 00 00 00 00 00 00 00-00 00 00 00 00 00 00 00 ................
00:34:10.707684 00007f049c003410/00e0: 00 00 00 00 00 00 00 00-00 00 00 00 63 82 53 63 ............c.Sc
00:34:10.707686 00007f049c003420/00f0: 36 04 0a 00 02 02 35 01-05 01 04 ff ff ff 00 03 6.....5.........
00:34:10.707688 00007f049c003430/0100: 04 0a 00 02 01 06 04 c0-a8 64 01 33 04 00 00 02 .........d.3....
00:34:10.707690 00007f049c003440/0110: 58 ff 00 00 00 00 00 00-00 00 00 00 00 00 00 00 X...............
00:34:10.707692 00007f049c003450/0120: 00 00 00 00 00 00 00 00-00 00 00 00 00 00 00 00 ................
00:34:10.707694 00007f049c003460/0130: 00 00 00 00 00 00 00 00-00 00 00 00 00 00 00 00 ................
00:34:10.707696 00007f049c003470/0140: 00 00 00 00 00 00 00 00-00 00 00 00 00 00 00 00 ................
00:34:10.707698 00007f049c003480/0150: 00 00 00 00 00 00 00 00-00 00 00 00 00 00 00 00 ................
00:34:10.707701 00007f049c003490/0160: 00 00 00 00 00 00 00 00-00 00 00 00 00 00 00 00 ................
00:34:10.707703 00007f049c0034a0/0170: 00 00 00 00 00 00 00 00-00 00 00 00 00 00 00 00 ................
00:34:10.707705 00007f049c0034b0/0180: 00 00 00 00 00 00 00 00-00 00 00 00 00 00 00 00 ................
00:34:10.707707 00007f049c0034c0/0190: 00 00 00 00 00 00 00 00-00 00 00 00 00 00 00 00 ................
00:34:10.707709 00007f049c0034d0/01a0: 00 00 00 00 00 00 00 00-00 00 00 00 00 00 00 00 ................
00:34:10.707711 00007f049c0034e0/01b0: 00 00 00 00 00 00 00 00-00 00 00 00 00 00 00 00 ................
00:34:10.707713 00007f049c0034f0/01c0: 00 00 00 00 00 00 00 00-00 00 00 00 00 00 00 00 ................
00:34:10.707715 00007f049c003500/01d0: 00 00 00 00 00 00 00 00-00 00 00 00 00 00 00 00 ................
00:34:10.707717 00007f049c003510/01e0: 00 00 00 00 00 00 00 00-00 00 00 00 00 00 00 00 ................
00:34:10.707719 00007f049c003520/01f0: 00 00 00 00 00 00 00 00-00 00 00 00 00 00 00 00 ................
00:34:10.707721 00007f049c003530/0200: 00 00 00 00 00 00 00 00-00 00 00 00 00 00 00 00 ................
00:34:10.707723 00007f049c003540/0210: 00 00 00 00 00 00 00 00-00 00 00 00 00 00 00 00 ................
00:34:10.707725 00007f049c003550/0220: 00 00 00 00                                     ....
00:42:55.590412 REQUEST xid 0x23308b51 chaddr 3e:68:2b:e4:0f:0a
00:42:55.590441  ciaddr 10.0.2.5
00:42:55.590446  client id: 01 3e 68 2b e4 0f 0a
00:42:55.590450  params { 1 2 6 12 15 26 28 121 3 33 40 41 42 119 249 252 17 }
00:42:55.590477   12: 'kali'
00:42:55.590479   57: ff ff
00:42:55.590492 > allocateAddress to client [01:3e:68:2b:e4:0f:0a] (3e:68:2b:e4:0f:0a)
00:42:55.590497 > ... found existing binding 10.0.2.5 to [01:3e:68:2b:e4:0f:0a] (3e:68:2b:e4:0f:0a), acked, valid from 2026-09-02T21:03:31Z for 600s until 2026-09-02T21:13:31Z
00:42:55.590505 Lease time 600 secs (default)
00:42:55.590507 writing leases to /home/antualino/.config/VirtualBox/NatNetwork-Dhcpd.leases
00:42:55.597162 >>> requested option 1 (SubnetMask)
00:42:55.597180 ... always supplied
00:42:55.597181 >>> requested option 2 (TimeOffset)
00:42:55.597183 ... not found
00:42:55.597184 >>> requested option 6 (DNSes)
00:42:55.597185 ... found in GlobalConfig (type global)
00:42:55.597187 >>> requested option 12 (HostName)
00:42:55.597188 ... not found
00:42:55.597189 >>> requested option 15 (DomainName)
00:42:55.597191 ... not found
00:42:55.597192 >>> requested option 26 (InterfaceMTU)
00:42:55.597193 ... not found
00:42:55.597194 >>> requested option 28 (BroadcastAddress)
00:42:55.597195 ... not found
00:42:55.597196 >>> requested option 121 (unknown)
00:42:55.597197 ... not found
00:42:55.597198 >>> requested option 3 (Routers)
00:42:55.597199 ... found in GlobalConfig (type global)
00:42:55.597201 >>> requested option 33 (StaticRoute)
00:42:55.597202 ... not found
00:42:55.597203 >>> requested option 40 (NISDomain)
00:42:55.597204 ... not found
00:42:55.597205 >>> requested option 41 (NISServers)
00:42:55.597206 ... not found
00:42:55.597207 >>> requested option 42 (NTPServers)
00:42:55.597208 ... not found
00:42:55.597209 >>> requested option 119 (DomainSearch)
00:42:55.597210 ... not found
00:42:55.597211 >>> requested option 249 (unknown)
00:42:55.597212 ... not found
00:42:55.597213 >>> requested option 252 (unknown)
00:42:55.597214 ... not found
00:42:55.597215 >>> requested option 17 (RootPath)
00:42:55.597216 ... not found
00:42:55.597220 encoding option 1 (SubnetMask)
00:42:55.597221 encoding option 3 (Routers)
00:42:55.597223 encoding option 6 (DNSes)
00:42:55.597224 encoding option 51 (LeaseTime)
00:42:55.597226 ACK xid 0x23308b51 chaddr 3e:68:2b:e4:0f:0a
00:42:55.597231  ciaddr 10.0.2.5 yiaddr 10.0.2.5
00:42:55.597235 encoded message: 548 bytes
00:42:55.597237 00007f049c003330/0000: 02 01 06 00 51 8b 30 23-00 00 00 00 0a 00 02 05 ....Q.0#........
00:42:55.597240 00007f049c003340/0010: 0a 00 02 05 00 00 00 00-00 00 00 00 3e 68 2b e4 ............>h+.
00:42:55.597242 00007f049c003350/0020: 0f 0a 00 00 00 00 00 00-00 00 00 00 00 00 00 00 ................
00:42:55.597244 00007f049c003360/0030: 00 00 00 00 00 00 00 00-00 00 00 00 00 00 00 00 ................
00:42:55.597246 00007f049c003370/0040: 00 00 00 00 00 00 00 00-00 00 00 00 00 00 00 00 ................
00:42:55.597248 00007f049c003380/0050: 00 00 00 00 00 00 00 00-00 00 00 00 00 00 00 00 ................
00:42:55.597250 00007f049c003390/0060: 00 00 00 00 00 00 00 00-00 00 00 00 00 00 00 00 ................
00:42:55.597252 00007f049c0033a0/0070: 00 00 00 00 00 00 00 00-00 00 00 00 00 00 00 00 ................
00:42:55.597254 00007f049c0033b0/0080: 00 00 00 00 00 00 00 00-00 00 00 00 00 00 00 00 ................
00:42:55.597256 00007f049c0033c0/0090: 00 00 00 00 00 00 00 00-00 00 00 00 00 00 00 00 ................
00:42:55.597258 00007f049c0033d0/00a0: 00 00 00 00 00 00 00 00-00 00 00 00 00 00 00 00 ................
00:42:55.597260 00007f049c0033e0/00b0: 00 00 00 00 00 00 00 00-00 00 00 00 00 00 00 00 ................
00:42:55.597262 00007f049c0033f0/00c0: 00 00 00 00 00 00 00 00-00 00 00 00 00 00 00 00 ................
00:42:55.597264 00007f049c003400/00d0: 00 00 00 00 00 00 00 00-00 00 00 00 00 00 00 00 ................
00:42:55.597266 00007f049c003410/00e0: 00 00 00 00 00 00 00 00-00 00 00 00 63 82 53 63 ............c.Sc
00:42:55.597268 00007f049c003420/00f0: 36 04 0a 00 02 02 35 01-05 01 04 ff ff ff 00 03 6.....5.........
00:42:55.597270 00007f049c003430/0100: 04 0a 00 02 01 06 04 c0-a8 64 01 33 04 00 00 02 .........d.3....
00:42:55.597272 00007f049c003440/0110: 58 ff 00 00 00 00 00 00-00 00 00 00 00 00 00 00 X...............
00:42:55.597274 00007f049c003450/0120: 00 00 00 00 00 00 00 00-00 00 00 00 00 00 00 00 ................
00:42:55.597276 00007f049c003460/0130: 00 00 00 00 00 00 00 00-00 00 00 00 00 00 00 00 ................
00:42:55.597278 00007f049c003470/0140: 00 00 00 00 00 00 00 00-00 00 00 00 00 00 00 00 ................
00:42:55.597280 00007f049c003480/0150: 00 00 00 00 00 00 00 00-00 00 00 00 00 00 00 00 ................
00:42:55.597282 00007f049c003490/0160: 00 00 00 00 00 00 00 00-00 00 00 00 00 00 00 00 ................
00:42:55.597284 00007f049c0034a0/0170: 00 00 00 00 00 00 00 00-00 00 00 00 00 00 00 00 ................
00:42:55.597286 00007f049c0034b0/0180: 00 00 00 00 00 00 00 00-00 00 00 00 00 00 00 00 ................
00:42:55.597288 00007f049c0034c0/0190: 00 00 00 00 00 00 00 00-00 00 00 00 00 00 00 00 ................
00:42:55.597290 00007f049c0034d0/01a0: 00 00 00 00 00 00 00 00-00 00 00 00 00 00 00 00 ................
00:42:55.597292 00007f049c0034e0/01b0: 00 00 00 00 00 00 00 00-00 00 00 00 00 00 00 00 ................
00:42:55.597294 00007f049c0034f0/01c0: 00 00 00 00 00 00 00 00-00 00 00 00 00 00 00 00 ................
00:42:55.597296 00007f049c003500/01d0: 00 00 00 00 00 00 00 00-00 00 00 00 00 00 00 00 ................
00:42:55.597298 00007f049c003510/01e0: 00 00 00 00 00 00 00 00-00 00 00 00 00 00 00 00 ................
00:42:55.597300 00007f049c003520/01f0: 00 00 00 00 00 00 00 00-00 00 00 00 00 00 00 00 ................
00:42:55.597302 00007f049c003530/0200: 00 00 00 00 00 00 00 00-00 00 00 00 00 00 00 00 ................
00:42:55.597304 00007f049c003540/0210: 00 00 00 00 00 00 00 00-00 00 00 00 00 00 00 00 ................
00:42:55.597306 00007f049c003550/0220: 00 00 00 00                                     ....
00:43:56.159781 REQUEST xid 0x938c9907 chaddr 3e:68:2b:e4:0f:0a
00:43:56.159811  ciaddr 10.0.2.5
00:43:56.159815  client id: 01 3e 68 2b e4 0f 0a
00:43:56.159819  params { 1 2 6 12 15 26 28 121 3 33 40 41 42 119 249 252 17 }
00:43:56.159845   12: 'kali'
00:43:56.159847   57: ff ff
00:43:56.159850 > allocateAddress to client [01:3e:68:2b:e4:0f:0a] (3e:68:2b:e4:0f:0a)
00:43:56.159855 > ... found existing binding 10.0.2.5 to [01:3e:68:2b:e4:0f:0a] (3e:68:2b:e4:0f:0a), acked, valid from 2026-09-02T21:12:16Z for 600s until 2026-09-02T21:22:16Z
00:43:56.159863 Lease time 600 secs (default)
00:43:56.159865 writing leases to /home/antualino/.config/VirtualBox/NatNetwork-Dhcpd.leases
00:43:56.200480 >>> requested option 1 (SubnetMask)
00:43:56.200499 ... always supplied
00:43:56.200501 >>> requested option 2 (TimeOffset)
00:43:56.200504 ... not found
00:43:56.200505 >>> requested option 6 (DNSes)
00:43:56.200507 ... found in GlobalConfig (type global)
00:43:56.200509 >>> requested option 12 (HostName)
00:43:56.200511 ... not found
00:43:56.200513 >>> requested option 15 (DomainName)
00:43:56.200515 ... not found
00:43:56.200516 >>> requested option 26 (InterfaceMTU)
00:43:56.200518 ... not found
00:43:56.200519 >>> requested option 28 (BroadcastAddress)
00:43:56.200521 ... not found
00:43:56.200523 >>> requested option 121 (unknown)
00:43:56.200524 ... not found
00:43:56.200526 >>> requested option 3 (Routers)
00:43:56.200527 ... found in GlobalConfig (type global)
00:43:56.200529 >>> requested option 33 (StaticRoute)
00:43:56.200531 ... not found
00:43:56.200533 >>> requested option 40 (NISDomain)
00:43:56.200534 ... not found
00:43:56.200536 >>> requested option 41 (NISServers)
00:43:56.200538 ... not found
00:43:56.200539 >>> requested option 42 (NTPServers)
00:43:56.200541 ... not found
00:43:56.200542 >>> requested option 119 (DomainSearch)
00:43:56.200544 ... not found
00:43:56.200546 >>> requested option 249 (unknown)
00:43:56.200547 ... not found
00:43:56.200549 >>> requested option 252 (unknown)
00:43:56.200550 ... not found
00:43:56.200552 >>> requested option 17 (RootPath)
00:43:56.200553 ... not found
00:43:56.200557 encoding option 1 (SubnetMask)
00:43:56.200559 encoding option 3 (Routers)
00:43:56.200561 encoding option 6 (DNSes)
00:43:56.200563 encoding option 51 (LeaseTime)
00:43:56.200565 ACK xid 0x938c9907 chaddr 3e:68:2b:e4:0f:0a
00:43:56.200583  ciaddr 10.0.2.5 yiaddr 10.0.2.5
00:43:56.200587 encoded message: 548 bytes
00:43:56.200589 00007f049c003330/0000: 02 01 06 00 07 99 8c 93-00 00 00 00 0a 00 02 05 ................
00:43:56.200592 00007f049c003340/0010: 0a 00 02 05 00 00 00 00-00 00 00 00 3e 68 2b e4 ............>h+.
00:43:56.200594 00007f049c003350/0020: 0f 0a 00 00 00 00 00 00-00 00 00 00 00 00 00 00 ................
00:43:56.200596 00007f049c003360/0030: 00 00 00 00 00 00 00 00-00 00 00 00 00 00 00 00 ................
00:43:56.200599 00007f049c003370/0040: 00 00 00 00 00 00 00 00-00 00 00 00 00 00 00 00 ................
00:43:56.200601 00007f049c003380/0050: 00 00 00 00 00 00 00 00-00 00 00 00 00 00 00 00 ................
00:43:56.200603 00007f049c003390/0060: 00 00 00 00 00 00 00 00-00 00 00 00 00 00 00 00 ................
00:43:56.200605 00007f049c0033a0/0070: 00 00 00 00 00 00 00 00-00 00 00 00 00 00 00 00 ................
00:43:56.200607 00007f049c0033b0/0080: 00 00 00 00 00 00 00 00-00 00 00 00 00 00 00 00 ................
00:43:56.200609 00007f049c0033c0/0090: 00 00 00 00 00 00 00 00-00 00 00 00 00 00 00 00 ................
00:43:56.200611 00007f049c0033d0/00a0: 00 00 00 00 00 00 00 00-00 00 00 00 00 00 00 00 ................
00:43:56.200613 00007f049c0033e0/00b0: 00 00 00 00 00 00 00 00-00 00 00 00 00 00 00 00 ................
00:43:56.200615 00007f049c0033f0/00c0: 00 00 00 00 00 00 00 00-00 00 00 00 00 00 00 00 ................
00:43:56.200617 00007f049c003400/00d0: 00 00 00 00 00 00 00 00-00 00 00 00 00 00 00 00 ................
00:43:56.200619 00007f049c003410/00e0: 00 00 00 00 00 00 00 00-00 00 00 00 63 82 53 63 ............c.Sc
00:43:56.200621 00007f049c003420/00f0: 36 04 0a 00 02 02 35 01-05 01 04 ff ff ff 00 03 6.....5.........
00:43:56.200623 00007f049c003430/0100: 04 0a 00 02 01 06 04 c0-a8 64 01 33 04 00 00 02 .........d.3....
00:43:56.200625 00007f049c003440/0110: 58 ff 00 00 00 00 00 00-00 00 00 00 00 00 00 00 X...............
00:43:56.200627 00007f049c003450/0120: 00 00 00 00 00 00 00 00-00 00 00 00 00 00 00 00 ................
00:43:56.200629 00007f049c003460/0130: 00 00 00 00 00 00 00 00-00 00 00 00 00 00 00 00 ................
00:43:56.200631 00007f049c003470/0140: 00 00 00 00 00 00 00 00-00 00 00 00 00 00 00 00 ................
00:43:56.200633 00007f049c003480/0150: 00 00 00 00 00 00 00 00-00 00 00 00 00 00 00 00 ................
00:43:56.200635 00007f049c003490/0160: 00 00 00 00 00 00 00 00-00 00 00 00 00 00 00 00 ................
00:43:56.200637 00007f049c0034a0/0170: 00 00 00 00 00 00 00 00-00 00 00 00 00 00 00 00 ................
00:43:56.200639 00007f049c0034b0/0180: 00 00 00 00 00 00 00 00-00 00 00 00 00 00 00 00 ................
00:43:56.200641 00007f049c0034c0/0190: 00 00 00 00 00 00 00 00-00 00 00 00 00 00 00 00 ................
00:43:56.200643 00007f049c0034d0/01a0: 00 00 00 00 00 00 00 00-00 00 00 00 00 00 00 00 ................
00:43:56.200645 00007f049c0034e0/01b0: 00 00 00 00 00 00 00 00-00 00 00 00 00 00 00 00 ................
00:43:56.200647 00007f049c0034f0/01c0: 00 00 00 00 00 00 00 00-00 00 00 00 00 00 00 00 ................
00:43:56.200649 00007f049c003500/01d0: 00 00 00 00 00 00 00 00-00 00 00 00 00 00 00 00 ................
00:43:56.200651 00007f049c003510/01e0: 00 00 00 00 00 00 00 00-00 00 00 00 00 00 00 00 ................
00:43:56.200653 00007f049c003520/01f0: 00 00 00 00 00 00 00 00-00 00 00 00 00 00 00 00 ................
00:43:56.200655 00007f049c003530/0200: 00 00 00 00 00 00 00 00-00 00 00 00 00 00 00 00 ................
00:43:56.200657 00007f049c003540/0210: 00 00 00 00 00 00 00 00-00 00 00 00 00 00 00 00 ................
00:43:56.200659 00007f049c003550/0220: 00 00 00 00                                     ....
00:44:10.634451 DISCOVER xid 0x69711933 chaddr 3e:68:2b:e4:0f:0a
00:44:10.634471  ciaddr 10.0.2.5
00:44:10.634475  client id: 01 3e 68 2b e4 0f 0a
00:44:10.634477  requested address 10.0.2.5
00:44:10.634480  params { 1 2 6 12 15 26 28 121 3 33 40 41 42 119 249 252 17 }
00:44:10.634496   12: 'kali'
00:44:10.634498   57: 02 40
00:44:13.166197 DISCOVER xid 0x390bd20b chaddr 3e:68:2b:e4:0f:0a
00:44:13.166223  ciaddr 10.0.2.5
00:44:13.166225  client id: 01 3e 68 2b e4 0f 0a
00:44:13.166227  requested address 10.0.2.5
00:44:13.166228  params { 1 2 6 12 15 26 28 121 3 33 40 41 42 119 249 252 17 }
00:44:13.166237   12: 'kali'
00:44:13.166239   57: 02 40
00:44:17.900812 DISCOVER xid 0xb210947d chaddr 3e:68:2b:e4:0f:0a
00:44:17.900834  ciaddr 10.0.2.5
00:44:17.900838  client id: 01 3e 68 2b e4 0f 0a
00:44:17.900840  requested address 10.0.2.5
00:44:17.900843  params { 1 2 6 12 15 26 28 121 3 33 40 41 42 119 249 252 17 }
00:44:17.900859   12: 'kali'
00:44:17.900861   57: 02 40
00:44:26.136529 DISCOVER xid 0x903e5034 chaddr 3e:68:2b:e4:0f:0a
00:44:26.136554  ciaddr 10.0.2.5
00:44:26.136557  client id: 01 3e 68 2b e4 0f 0a
00:44:26.136560  requested address 10.0.2.5
00:44:26.136563  params { 1 2 6 12 15 26 28 121 3 33 40 41 42 119 249 252 17 }
00:44:26.136579   12: 'kali'
00:44:26.136581   57: 02 40
00:44:42.369506 DISCOVER xid 0x36f877c0 chaddr 3e:68:2b:e4:0f:0a
00:44:42.369537  ciaddr 10.0.2.5
00:44:42.369542  client id: 01 3e 68 2b e4 0f 0a
00:44:42.369545  requested address 10.0.2.5
00:44:42.369549  params { 1 2 6 12 15 26 28 121 3 33 40 41 42 119 249 252 17 }
00:44:42.369575   12: 'kali'
00:44:42.369577   57: 02 40
00:44:55.582944 REQUEST xid 0xbe6c0e47 chaddr 3e:68:2b:e4:0f:0a
00:44:55.582974  ciaddr 0.0.0.0
00:44:55.582981  client id: 01 3e 68 2b e4 0f 0a
00:44:55.582985  requested address 10.0.2.5
00:44:55.582991  params { 1 2 6 12 15 26 28 121 3 33 40 41 42 119 249 252 17 }
00:44:55.583027   12: 'kali'
00:44:55.583029   57: 02 40
00:44:55.583033 > allocateAddress 10.0.2.5 to client [01:3e:68:2b:e4:0f:0a] (3e:68:2b:e4:0f:0a)
00:44:55.583038 > ... found existing binding 10.0.2.5 to [01:3e:68:2b:e4:0f:0a] (3e:68:2b:e4:0f:0a), acked, valid from 2026-09-02T21:13:16Z for 600s until 2026-09-02T21:23:16Z
00:44:55.583046 Lease time 600 secs (default)
00:44:55.583049 writing leases to /home/antualino/.config/VirtualBox/NatNetwork-Dhcpd.leases
00:44:55.591461 >>> requested option 1 (SubnetMask)
00:44:55.591476 ... always supplied
00:44:55.591478 >>> requested option 2 (TimeOffset)
00:44:55.591480 ... not found
00:44:55.591482 >>> requested option 6 (DNSes)
00:44:55.591484 ... found in GlobalConfig (type global)
00:44:55.591486 >>> requested option 12 (HostName)
00:44:55.591488 ... not found
00:44:55.591489 >>> requested option 15 (DomainName)
00:44:55.591491 ... not found
00:44:55.591493 >>> requested option 26 (InterfaceMTU)
00:44:55.591494 ... not found
00:44:55.591496 >>> requested option 28 (BroadcastAddress)
00:44:55.591498 ... not found
00:44:55.591500 >>> requested option 121 (unknown)
00:44:55.591501 ... not found
00:44:55.591503 >>> requested option 3 (Routers)
00:44:55.591505 ... found in GlobalConfig (type global)
00:44:55.591507 >>> requested option 33 (StaticRoute)
00:44:55.591508 ... not found
00:44:55.591510 >>> requested option 40 (NISDomain)
00:44:55.591512 ... not found
00:44:55.591513 >>> requested option 41 (NISServers)
00:44:55.591515 ... not found
00:44:55.591516 >>> requested option 42 (NTPServers)
00:44:55.591518 ... not found
00:44:55.591519 >>> requested option 119 (DomainSearch)
00:44:55.591521 ... not found
00:44:55.591523 >>> requested option 249 (unknown)
00:44:55.591524 ... not found
00:44:55.591526 >>> requested option 252 (unknown)
00:44:55.591527 ... not found
00:44:55.591529 >>> requested option 17 (RootPath)
00:44:55.591530 ... not found
00:44:55.591534 encoding option 1 (SubnetMask)
00:44:55.591536 encoding option 3 (Routers)
00:44:55.591538 encoding option 6 (DNSes)
00:44:55.591540 encoding option 51 (LeaseTime)
00:44:55.591543 ACK xid 0xbe6c0e47 chaddr 3e:68:2b:e4:0f:0a
00:44:55.591550  ciaddr 0.0.0.0 yiaddr 10.0.2.5
00:44:55.591555 encoded message: 548 bytes
00:44:55.591558 00007f049c003330/0000: 02 01 06 00 47 0e 6c be-00 00 00 00 00 00 00 00 ....G.l.........
00:44:55.591561 00007f049c003340/0010: 0a 00 02 05 00 00 00 00-00 00 00 00 3e 68 2b e4 ............>h+.
00:44:55.591563 00007f049c003350/0020: 0f 0a 00 00 00 00 00 00-00 00 00 00 00 00 00 00 ................
00:44:55.591565 00007f049c003360/0030: 00 00 00 00 00 00 00 00-00 00 00 00 00 00 00 00 ................
00:44:55.591567 00007f049c003370/0040: 00 00 00 00 00 00 00 00-00 00 00 00 00 00 00 00 ................
00:44:55.591569 00007f049c003380/0050: 00 00 00 00 00 00 00 00-00 00 00 00 00 00 00 00 ................
00:44:55.591571 00007f049c003390/0060: 00 00 00 00 00 00 00 00-00 00 00 00 00 00 00 00 ................
00:44:55.591573 00007f049c0033a0/0070: 00 00 00 00 00 00 00 00-00 00 00 00 00 00 00 00 ................
00:44:55.591575 00007f049c0033b0/0080: 00 00 00 00 00 00 00 00-00 00 00 00 00 00 00 00 ................
00:44:55.591577 00007f049c0033c0/0090: 00 00 00 00 00 00 00 00-00 00 00 00 00 00 00 00 ................
00:44:55.591579 00007f049c0033d0/00a0: 00 00 00 00 00 00 00 00-00 00 00 00 00 00 00 00 ................
00:44:55.591581 00007f049c0033e0/00b0: 00 00 00 00 00 00 00 00-00 00 00 00 00 00 00 00 ................
00:44:55.591583 00007f049c0033f0/00c0: 00 00 00 00 00 00 00 00-00 00 00 00 00 00 00 00 ................
00:44:55.591585 00007f049c003400/00d0: 00 00 00 00 00 00 00 00-00 00 00 00 00 00 00 00 ................
00:44:55.591587 00007f049c003410/00e0: 00 00 00 00 00 00 00 00-00 00 00 00 63 82 53 63 ............c.Sc
00:44:55.591589 00007f049c003420/00f0: 36 04 0a 00 02 02 35 01-05 01 04 ff ff ff 00 03 6.....5.........
00:44:55.591591 00007f049c003430/0100: 04 0a 00 02 01 06 04 c0-a8 64 01 33 04 00 00 02 .........d.3....
00:44:55.591593 00007f049c003440/0110: 58 ff 00 00 00 00 00 00-00 00 00 00 00 00 00 00 X...............
00:44:55.591595 00007f049c003450/0120: 00 00 00 00 00 00 00 00-00 00 00 00 00 00 00 00 ................
00:44:55.591597 00007f049c003460/0130: 00 00 00 00 00 00 00 00-00 00 00 00 00 00 00 00 ................
00:44:55.591599 00007f049c003470/0140: 00 00 00 00 00 00 00 00-00 00 00 00 00 00 00 00 ................
00:44:55.591601 00007f049c003480/0150: 00 00 00 00 00 00 00 00-00 00 00 00 00 00 00 00 ................
00:44:55.591603 00007f049c003490/0160: 00 00 00 00 00 00 00 00-00 00 00 00 00 00 00 00 ................
00:44:55.591605 00007f049c0034a0/0170: 00 00 00 00 00 00 00 00-00 00 00 00 00 00 00 00 ................
00:44:55.591607 00007f049c0034b0/0180: 00 00 00 00 00 00 00 00-00 00 00 00 00 00 00 00 ................
00:44:55.591609 00007f049c0034c0/0190: 00 00 00 00 00 00 00 00-00 00 00 00 00 00 00 00 ................
00:44:55.591611 00007f049c0034d0/01a0: 00 00 00 00 00 00 00 00-00 00 00 00 00 00 00 00 ................
00:44:55.591613 00007f049c0034e0/01b0: 00 00 00 00 00 00 00 00-00 00 00 00 00 00 00 00 ................
00:44:55.591615 00007f049c0034f0/01c0: 00 00 00 00 00 00 00 00-00 00 00 00 00 00 00 00 ................
00:44:55.591617 00007f049c003500/01d0: 00 00 00 00 00 00 00 00-00 00 00 00 00 00 00 00 ................
00:44:55.591619 00007f049c003510/01e0: 00 00 00 00 00 00 00 00-00 00 00 00 00 00 00 00 ................
00:44:55.591621 00007f049c003520/01f0: 00 00 00 00 00 00 00 00-00 00 00 00 00 00 00 00 ................
00:44:55.591623 00007f049c003530/0200: 00 00 00 00 00 00 00 00-00 00 00 00 00 00 00 00 ................
00:44:55.591625 00007f049c003540/0210: 00 00 00 00 00 00 00 00-00 00 00 00 00 00 00 00 ................
00:44:55.591627 00007f049c003550/0220: 00 00 00 00                                     ....
